AT1G01380.1,7.7085,8.8031,9.4370,7.3740,8.8401,10.3373,8.8149,9.5257,9.9150,8.9565,9.5338,9.6798,11.6643,9.3262,13.2823,12.8627,14.3064,11.8215,9.9614,12.6268,8.1500
AT1G03970.1,4.3012,4.6769,7.1570,3.5798,4.2576,4.9079,3.3156,3.4688,4.6955,4.8307,2.7132,6.0999,4.6222,2.3358,8.2393,3.7767,4.3647,7.5835,7.8914,9.3171,9.1183
AT1G06180.1,1.1742,1.5744,1.7310,1.2721,1.3540,1.4990,1.1791,0.8161,1.5515,1.0087,1.2269,1.2901,0.7102,0.7375,1.0056,0.5259,0.9311,0.8234,0.6165,0.9128,1.0219
AT1G07640.1,5.8024,7.8461,9.3393,9.6573,7.4180,8.6922,8.0689,6.6334,11.8345,8.9281,7.2753,8.5715,8.5438,9.5328,11.8531,9.6361,11.6715,13.2085,10.8936,13.0985,10.5043
AT1G07640.2,5.6133,7.2595,9.2901,9.0082,6.8919,8.5311,7.5659,6.1957,11.4588,8.3217,6.8931,8.5548,7.9286,8.8702,11.5036,9.0330,11.1417,13.0614,10.0712,12.2572,9.9462
AT1G07640.3,5.2123,6.9897,8.5377,8.7051,6.7217,7.8043,7.2430,5.9758,10.6419,8.1418,6.6466,7.7478,7.6561,8.5539,10.6152,8.6788,10.4280,11.8797,9.7537,11.7775,9.3851
AT1G08010.1,33.1358,34.1916,21.3338,37.9656,32.8667,26.9247,34.9723,28.9952,28.1980,30.5158,28.4016,27.4009,36.1762,34.0595,29.4066,35.5125,37.3278,33.0722,41.3520,44.7420,46.2349
AT1G08010.2,34.2841,42.4192,20.7477,47.4367,39.3297,28.0092,42.5084,34.6872,29.5719,37.2236,31.4814,28.7938,44.8731,43.0305,28.8186,42.5917,45.1040,36.9972,50.7826,53.8533,48.0191
AT1G08320.2,5.6342,6.0093,6.6832,4.4586,6.2829,6.6872,4.5328,6.5464,6.0922,5.8705,4.1772,4.5278,4.3129,4.3509,4.8374,3.3020,3.4020,4.3779,4.4061,6.2061,5.7894
AT1G08320.3,5.0183,5.0644,6.5973,4.0383,5.3586,6.7077,3.9477,5.8514,6.4616,5.5874,3.8844,4.5117,3.5581,3.7290,4.7745,2.8788,3.3598,4.6646,3.7169,5.4475,5.1131
AT1G08320.1,5.1884,5.3349,7.2453,4.2874,5.6858,7.1159,4.1438,6.2284,7.0256,5.8618,4.2708,4.9090,3.8072,3.8961,5.3137,3.0527,3.5951,5.0372,3.8973,5.7710,5.4058
AT1G09530.1,15.8840,14.0363,20.0045,18.0579,13.6090,14.8513,14.5547,16.3794,16.9951,34.7177,18.3830,29.4287,25.9891,19.1085,38.7473,22.2477,25.0439,33.4962,33.3330,35.7941,39.0782
AT1G09530.2,15.6094,13.6562,19.7181,17.6033,13.2981,14.5528,14.2218,15.8542,16.7443,33.7568,18.0368,28.9621,25.3767,18.6220,38.0882,21.7267,24.4215,32.9357,32.4315,34.8961,38.3824
AT1G09710.2,2.4846,2.8624,3.7168,3.9806,2.4659,3.7922,3.9665,3.1250,2.9297,2.6828,2.2934,2.5150,2.0194,2.0347,1.9242,2.3087,2.8520,2.3572,2.9287,3.5855,2.5278
AT1G09710.1,2.6492,2.9754,4.1047,4.1104,2.5194,4.0479,4.0214,3.1851,3.1722,2.7643,2.3541,2.6172,2.0514,2.0773,2.0877,2.3605,2.9845,2.4568,2.9970,3.6680,2.7143
AT1G10480.1,1.9984,3.6220,3.4242,2.8931,3.8372,2.9579,2.5475,2.4144,2.1905,2.1607,2.4511,1.9442,1.9142,1.1199,2.3806,1.9377,1.8296,1.0075,1.8019,1.4858,0.8381
AT1G12890.1,1.1473,0.8395,1.2814,0.4163,0.7928,1.3785,0.7323,0.8886,2.0300,0.5967,1.2692,1.0787,0.5445,0.5752,1.2662,0.3352,0.6681,0.7951,0.7501,0.4052,0.6509
AT1G15050.1,0.8045,0.5300,0.7639,0.4959,0.8097,0.4935,0.7272,1.2703,1.0466,1.0264,0.5048,0.4505,0.3896,0.5274,0.5036,0.4656,0.6125,1.1276,1.1912,1.1786,1.0337
AT1G17310.1,0.1371,0.1006,0.1772,0.1407,0.1722,0.3254,0.0420,0.2399,0.2224,0.7358,0.4276,0.7623,1.1527,1.2046,0.7914,0.5630,0.7778,1.4893,0.6562,0.9076,1.2581
AT1G18570.1,3.9574,4.7064,6.8078,4.6421,3.1162,4.3447,3.1794,5.4571,6.6551,7.1080,3.5164,8.5182,4.1225,3.2275,7.4559,4.6693,4.9990,7.5631,7.7152,7.6027,8.4752
AT1G19180.1,15.2371,17.0248,16.8806,19.7069,17.8071,15.4840,17.6145,19.1611,19.6631,30.1764,17.8457,26.8943,18.0024,16.2995,26.8389,17.7570,17.3306,22.4423,22.2470,27.5487,28.7530
AT1G19180.2,13.4557,15.0014,14.9762,17.3647,15.7402,13.6839,15.5210,16.9356,17.4461,26.6188,15.7247,23.7686,15.8866,14.3623,23.6753,15.6466,15.2709,19.8080,19.6028,24.2745,25.3830
AT1G21910.1,44.2458,39.4927,64.7722,47.6373,42.3014,59.5827,48.5062,44.1608,95.2400,58.6980,75.1771,109.2481,65.6240,59.9462,153.3860,66.3348,65.1078,132.9798,76.5460,83.8122,102.2563
AT1G25560.1,38.2797,44.1347,35.4314,53.6363,48.1450,39.5775,68.4458,62.6978,74.8469,97.1536,110.1217,124.7802,113.6656,122.6049,124.4085,107.7103,104.1584,119.6323,118.8056,118.8779,115.4478
AT1G27650.1,63.5351,61.0251,53.2822,68.1831,71.0596,57.1117,67.5546,58.0087,54.8133,46.7296,62.6482,39.2061,67.5446,51.2687,48.5618,69.8722,86.2220,64.7081,88.1992,95.8261,88.0714
AT1G27650.2,67.3450,63.7273,56.9697,71.7669,74.9463,60.5448,69.7332,60.5088,57.5305,50.1030,65.6907,41.7124,69.9449,53.4288,51.4386,73.0955,89.8140,68.1077,91.9338,99.1643,93.1396
AT1G27740.1,1.7055,1.4798,2.0881,1.0589,1.3973,1.6746,1.2191,1.5664,1.6451,3.0750,1.7406,3.1053,1.4706,1.6369,2.6927,2.1946,2.7161,4.2248,2.2028,2.6415,3.1530
AT1G28370.1,1.1451,1.8756,1.9365,1.5354,1.4595,1.3098,2.3999,1.8484,2.8295,4.3135,4.6393,5.9254,8.8162,8.5449,9.3646,5.9352,6.2701,7.7517,7.2541,7.0123,5.8086
AT1G28520.2,7.6528,6.3906,9.8682,7.7446,6.4767,9.0725,6.7638,6.7363,10.5725,10.0462,8.2131,15.2695,11.2950,8.7579,18.6376,9.3857,11.7532,20.2421,14.1687,13.3885,14.6810
AT1G28520.1,7.0304,5.8622,9.1202,7.2018,5.9493,8.3778,6.2658,6.1882,9.7501,9.3040,7.5646,14.1949,10.4383,8.1554,17.5721,8.8653,10.7802,18.6090,13.1248,12.2925,13.6792
AT1G29160.1,5.2287,6.2305,3.7128,6.8093,7.0730,6.0873,6.8595,6.1427,5.6240,5.4638,6.9613,6.4022,5.9134,7.5130,6.4801,8.6366,7.1240,7.2359,6.8078,8.4822,6.1640
AT1G30650.1,5.0847,6.6777,7.8196,6.1203,7.0556,8.0890,4.6373,6.8349,9.5852,6.8286,4.9508,8.1629,6.0352,6.0559,9.6223,8.0551,8.9876,12.4805,9.5848,14.9010,11.8238
AT1G34670.1,1.1778,1.8414,1.4371,1.3339,1.6007,1.4380,1.1013,1.6392,0.5620,0.6782,1.2307,0.6172,1.4728,0.9846,1.6326,0.6713,0.8349,1.3892,0.1813,0.5416,0.5225
AT1G36060.1,1.5508,1.2941,2.2166,1.2438,1.5446,2.4745,1.5038,2.5087,2.8369,4.5175,2.7337,4.3744,4.7046,4.5538,9.2615,7.3413,7.2623,11.6259,10.8156,12.8249,14.6276
AT1G42990.1,24.2387,17.8194,24.2343,12.3295,13.5534,18.0465,10.1262,12.3025,17.3144,14.3954,14.3524,16.7552,14.4894,12.2004,18.8781,13.9809,15.4344,20.2769,15.9475,17.9224,24.2061
AT1G43160.1,0.9308,1.5403,1.3527,1.0726,2.1764,1.3007,0.9446,1.4612,2.5482,3.4598,2.0464,2.3475,2.7620,3.0786,4.9420,3.5175,3.5020,3.8159,3.9517,5.3146,5.8971
AT1G43700.1,13.1335,17.8583,17.5932,18.6187,15.6775,16.0714,14.3768,15.2058,15.3603,14.9344,10.4624,13.3010,16.0609,12.5432,19.0830,17.5597,17.5657,20.6736,32.3815,34.7110,24.1258
AT1G44830.1,34.6103,29.8382,26.5133,39.1618,31.1537,35.1841,41.2223,30.3192,43.4269,38.8885,72.8442,57.0934,51.3061,49.7172,76.2600,45.7884,40.9216,58.2982,45.4984,44.2156,51.4280
AT1G47760.1,1.4474,1.5880,2.2204,1.2107,1.6185,1.5878,1.2598,0.9177,1.1119,1.2630,0.5887,1.6063,0.7782,0.9485,1.1497,0.9965,0.8572,1.2177,1.4293,1.4462,1.1627
AT1G49130.1,5.6051,4.8751,7.0854,5.9193,4.0351,4.4783,4.9196,1.6662,2.1183,3.8562,3.4591,5.6784,3.2730,1.7354,10.0155,2.7709,3.1242,4.5297,3.5306,4.1162,3.7580
AT1G49130.2,4.9806,4.3108,7.0879,5.2032,3.4761,4.0649,4.2609,1.4354,1.9176,3.3965,3.0593,5.4687,2.8195,1.4951,9.4768,2.4185,2.7493,4.1579,3.0978,3.5459,3.3900
AT1G49475.1,4.1931,2.8871,4.5133,1.2834,2.1106,4.4677,2.4376,2.6411,6.7794,3.6319,3.5052,3.5480,1.9885,2.1010,2.6890,1.3045,1.2021,1.9924,0.9872,1.0523,1.6251
AT1G50420.1,12.9054,11.4084,15.4689,12.4195,12.3540,17.1567,13.6418,11.7058,21.3426,12.7131,18.0112,21.5912,18.9462,17.5650,29.3558,16.4592,21.2394,28.1688,20.7197,21.2631,24.0454
AT1G52830.1,6.7256,5.9825,14.0706,5.1915,5.2349,8.9762,3.2747,4.7221,4.1136,1.4268,1.3501,3.1393,1.9955,0.7058,2.3082,1.5561,1.1064,1.9017,2.3517,2.0436,1.9022
AT1G52890.1,0.5926,0.6883,0.5717,0.6439,0.7014,0.3090,0.5251,0.5507,0.5387,1.7430,1.0918,2.1422,1.3191,1.5738,1.8354,1.5817,1.1927,1.0938,1.4184,1.4149,1.9574
AT1G53230.1,17.3459,17.1885,20.1362,25.9507,20.8005,18.2682,33.0535,16.4928,24.1715,24.2499,21.6789,26.4503,27.5517,29.9160,34.7468,28.9716,29.5415,39.8570,23.8528,27.5761,19.3386
AT1G56650.1,0.3912,0.3578,0.2957,0.5350,0.2874,0.1339,0.4124,0.0866,0.1597,0.9107,0.2558,0.3518,0.5121,0.4803,0.9598,1.2499,1.3745,1.7791,2.6381,3.3801,1.3331
AT1G57560.1,1.1223,1.2465,1.2198,0.9388,1.3246,1.7543,1.1520,1.3130,1.7235,2.1208,1.5198,1.9922,1.3733,1.1164,2.9324,1.4073,1.9290,1.9573,1.6004,1.4395,1.3352
AT1G59750.4,6.8158,5.8935,9.1712,8.1796,5.7607,6.9024,6.0548,6.7176,6.8222,8.6632,4.5839,8.0860,6.0568,4.9460,9.3374,6.3368,6.3577,10.5943,10.0953,10.7678,12.7168
AT1G59750.2,7.0905,6.0997,9.4765,8.4659,5.9623,7.1563,6.2666,6.9527,7.1050,8.9841,4.7632,8.3690,6.2688,5.1191,9.6642,6.5585,6.5802,10.9853,10.4487,11.1446,13.2054
AT1G59750.1,7.0560,6.0833,9.4305,8.4247,5.9333,7.1215,6.2362,6.9189,7.0998,8.9581,4.7400,8.3427,6.2383,5.0942,9.6333,6.5267,6.5482,10.9420,10.3979,11.1144,13.1412
AT1G59750.3,7.1518,6.2524,9.4852,8.8856,6.1936,7.1798,6.5630,7.2118,7.0300,9.3222,5.0025,8.3636,6.4516,5.3582,9.5762,6.8355,6.7558,10.6842,10.9519,11.6706,13.3404
AT1G64380.1,4.2496,5.6845,4.7231,4.9792,3.7108,3.7859,3.1395,3.0145,3.7402,2.3148,1.6126,3.3729,2.1353,1.8882,2.2891,3.3178,3.1459,3.2976,7.6736,9.5962,7.0598
AT1G65300.1,0.1605,0.0010,0.1386,0.0374,0.0010,0.0372,0.0330,0.0010,0.0442,0.0010,0.0010,0.0010,0.0438,0.0358,0.1435,0.0449,0.2033,0.0904,1.0639,1.3819,1.1964
AT1G65330.1,0.0010,0.0785,0.4124,0.0372,0.0010,0.2895,0.0010,0.0940,0.1302,0.2090,0.0010,0.0856,0.0864,0.0357,0.0483,0.0010,0.0816,0.0307,0.7855,1.5180,1.2772
AT1G65620.2,2.0282,2.2493,2.6539,2.1937,2.2498,2.3166,3.0152,2.8705,3.0059,2.0873,1.7093,2.1175,1.4241,2.1644,1.1988,1.5404,1.4443,1.7614,1.0423,1.0247,1.1040
AT1G65620.3,2.2318,2.5013,2.7340,2.4138,2.5057,2.3776,3.2962,3.0323,3.1905,2.2968,1.8432,2.2150,1.5670,2.3816,1.3191,1.6949,1.5618,1.9179,1.1202,1.0076,1.1570
AT1G65620.1,2.3228,2.6901,3.6472,2.5827,2.8138,3.0752,3.4982,3.3969,4.2757,2.6916,2.3933,2.8614,1.6903,2.5359,1.8738,1.9453,1.9643,2.4062,1.2190,1.2254,1.4773
AT1G65620.4,2.7423,3.0412,3.3594,2.9358,3.0419,2.9215,3.9970,3.7260,3.9204,2.8656,2.2648,2.6863,1.8897,2.9264,1.5417,1.9730,1.8518,2.3566,1.3436,1.2380,1.4215
AT1G66140.1,7.7630,8.2574,8.6370,8.1143,7.9147,8.0750,9.5261,9.3751,12.1339,11.9894,8.1116,10.8133,10.0450,10.5670,11.8674,10.9702,11.8699,15.4163,11.0238,13.9945,11.7551
AT1G67100.1,12.7967,8.8844,10.6440,5.2864,9.7964,9.2847,9.4488,23.3987,22.1379,21.1942,14.0519,19.2619,9.4889,16.2472,7.1517,12.7984,10.0934,12.8916,4.4465,9.2994,12.1098
AT1G67710.1,1.0233,0.8920,1.5217,1.3256,1.0043,1.2896,0.9183,1.2608,1.3100,1.1753,0.6374,1.1482,1.0177,0.8274,1.3808,1.1148,1.5239,1.8551,2.6750,2.3481,2.3769
AT1G68840.2,13.8142,13.5244,12.7515,18.9667,15.4063,15.8753,21.3764,22.9043,25.7581,30.0317,22.7313,24.3048,23.0639,24.7526,21.1779,18.9085,24.8345,27.1392,25.4104,24.8306,26.7393
AT1G68840.1,15.3281,14.6499,14.4283,20.3081,16.2683,17.5681,22.8980,24.6330,27.8034,32.2281,24.5182,27.8242,24.7581,26.5277,23.7553,20.3443,26.7628,30.1386,27.2587,26.6388,29.4354
AT1G71030.1,2.5324,2.5471,2.1080,2.9705,2.6929,2.3713,2.2344,3.1746,4.0082,4.5715,2.0793,4.6971,4.5916,4.6502,4.7266,6.4228,6.3656,5.2487,13.8279,14.4547,13.0720
AT1G72360.3,2.0600,2.0325,1.6542,1.7376,1.8082,2.2183,1.4724,2.4803,2.9606,2.8212,2.1024,2.7178,2.7025,1.9772,3.8943,2.4135,3.0986,3.6262,2.3771,2.2337,2.8855
AT1G72360.1,1.8835,1.8584,1.5125,1.5887,1.6533,2.0282,1.3463,2.2678,2.7069,2.6225,1.9223,2.4849,2.4709,1.8078,3.5606,2.2067,2.8331,3.3155,2.1734,2.0424,2.6383
AT1G72360.2,2.0578,2.0303,1.6524,1.7357,1.8063,2.2159,1.4708,2.4776,2.9574,2.8182,2.1001,2.7149,2.6996,1.9750,3.8901,2.4109,3.0952,3.6223,2.3745,2.2313,2.8824
AT1G72450.1,1.0960,2.0681,1.8913,1.8380,1.3045,2.2139,1.4695,1.7059,2.5577,2.3935,1.6988,3.1625,1.9938,1.5976,3.7252,2.4516,2.6086,3.5865,2.7740,3.5304,3.0084
AT1G73830.2,10.1471,9.2404,14.0847,12.1864,9.4833,12.2682,10.6305,7.5604,18.5920,13.9853,17.3099,29.3885,16.6563,9.0620,46.2536,13.9564,16.3271,29.8912,22.0535,19.8078,28.1082
AT1G73830.1,11.2409,10.5223,15.0881,13.8519,10.6665,13.3955,12.0246,8.5275,20.5295,15.7096,19.0611,31.7810,18.8100,10.2656,50.3429,15.4997,18.2694,33.3614,25.0451,22.2723,31.1017
AT1G74500.1,5.3557,7.8348,8.2790,4.1573,9.3853,8.3821,4.7200,6.8744,10.5304,4.8650,5.0951,6.5793,3.0929,5.7600,4.4283,4.3576,3.3463,4.1693,2.0727,2.6096,3.2106
AT1G74650.1,1.8794,1.1389,3.4463,1.6479,1.3795,2.0596,1.2212,1.7010,2.0060,3.2854,1.7797,3.6364,2.3192,1.4622,6.1112,2.2797,2.0113,5.4163,4.1528,5.2015,6.9082
AT1G74840.1,68.5078,66.9269,95.7750,43.7282,40.9438,60.9782,31.2178,31.1125,60.4339,32.2287,36.5748,52.3534,38.8925,33.9902,64.2889,47.4005,52.6801,79.6531,59.9157,73.5643,76.8858
AT1G74840.2,71.6168,70.4324,101.6745,45.7358,42.9439,64.0777,32.6806,32.7051,63.8437,33.6799,38.5596,55.6450,40.5814,35.5051,67.7897,49.5160,55.3064,84.2115,62.7012,77.5219,81.2415
AT1G75080.1,42.3588,40.1891,35.9725,47.2765,43.4062,56.0997,39.7065,32.8017,51.8813,32.9741,50.9830,44.3599,50.9573,48.0935,61.6288,45.2135,50.3277,66.7474,55.8280,64.1499,65.3929
AT1G75080.2,35.4745,36.1171,29.2767,42.8385,39.3858,48.0393,36.0222,29.8132,44.4752,29.5285,44.3573,38.2985,45.8714,42.9439,51.4522,40.7803,45.2554,57.8019,49.8829,58.5930,56.9430
AT1G75490.1,1.4404,1.2699,0.9567,1.6173,1.3011,1.0063,1.4464,1.8148,1.5918,1.9574,1.3893,1.0333,1.6965,1.1857,1.5509,1.4947,1.5739,1.6775,2.0784,2.5578,1.6314
AT1G77450.1,15.8766,20.0172,27.1317,14.0307,18.3345,23.4967,14.4692,22.7896,24.6228,14.0579,11.2128,12.6558,10.6423,12.7526,9.4457,10.5765,8.0761,7.5844,8.0956,8.7694,7.1456
AT1G77640.1,5.5436,6.9662,7.8110,7.2623,7.3515,9.5820,6.8228,6.9022,10.7499,8.0460,10.0990,10.7903,10.7681,11.5764,19.1754,8.8438,11.1776,15.7820,9.5442,15.1165,13.9274
AT1G79700.1,4.9659,6.0842,7.3577,7.3337,6.4554,6.2275,5.9091,4.4307,4.4089,8.6518,4.7565,5.7540,8.9378,6.5329,8.6884,9.0226,8.5028,8.3309,14.5562,14.9112,11.3663
AT1G79700.2,4.8310,5.9189,7.1925,7.1345,6.2801,6.0857,5.7485,4.3104,4.3218,8.4167,4.6273,5.6298,8.6950,6.3554,8.5962,8.8107,8.3024,8.1271,14.1607,14.5060,11.0898
AT1G79840.2,2.5116,3.4261,2.7264,3.6372,3.6698,2.1826,2.7758,3.1910,2.5062,2.6167,1.2885,1.6749,1.9624,1.6759,1.7901,2.2781,2.6619,2.4455,3.2293,3.5304,3.1680
AT1G79840.1,2.8241,4.0641,3.0865,4.2911,4.3368,2.5476,3.2704,3.7816,2.8783,3.1321,1.4759,1.9494,2.3206,1.9824,2.0648,2.6961,3.1122,2.9001,3.8568,4.1528,3.6378
AT2G04890.1,3.7736,4.8566,6.5343,4.5269,4.0864,6.1797,4.4608,5.4491,6.1761,6.2592,4.3173,5.9925,5.1970,4.4119,6.9773,5.4046,6.7792,7.8078,7.4637,9.2420,7.7491
AT2G14210.1,0.2463,0.1804,0.2127,0.1129,0.1381,0.2794,0.0749,0.0727,0.1340,0.1615,0.2146,0.2950,0.1657,0.1885,0.9141,0.6425,0.3121,0.8722,0.7276,1.1175,1.2159
AT2G18350.1,3.7179,3.5753,4.3988,3.2589,3.1184,4.0962,3.7754,2.7131,5.4353,4.8385,3.4484,7.7771,3.8719,2.7642,8.2103,4.9336,3.9422,8.3155,5.5994,5.9265,7.4143
AT2G22430.1,46.0384,39.8755,62.1077,36.2858,38.7844,46.3019,25.9322,27.9320,41.9646,31.5580,23.0644,35.6040,23.2824,16.4249,39.1059,23.7390,24.6002,32.6127,31.3152,34.3532,38.6391
AT2G22770.1,26.1359,22.9468,41.1616,21.2212,16.0047,22.9998,14.7489,12.8380,20.1188,12.1264,12.2966,19.1197,10.1138,7.3049,18.4440,10.3375,10.1688,14.9312,11.4606,10.7626,13.7344
AT2G23290.1,6.4330,7.4601,7.5839,7.0055,7.7312,7.9330,5.2470,8.0205,7.8474,6.8538,5.6563,8.3378,8.5989,6.5525,11.8804,9.0063,8.0899,11.8342,12.0845,12.3060,12.4756
AT2G23340.1,3.8011,5.3381,3.2811,3.9535,5.6530,4.0034,3.8781,3.4248,2.9679,2.5376,2.4893,2.0660,4.3297,4.3159,3.1700,6.4876,5.9780,3.5813,4.2789,7.1900,5.9427
AT2G24260.1,10.9517,11.7156,16.6925,9.4652,10.7517,15.4323,9.8980,10.3611,20.4123,11.5894,9.9552,20.2851,13.8266,13.7262,28.1948,18.5608,18.9576,28.4710,23.8866,26.3542,25.1678
AT2G25820.1,0.0498,0.0724,0.0853,0.0678,0.1239,0.2338,0.1481,0.1724,0.0804,0.1927,0.0010,0.5083,0.3552,0.5768,0.4809,0.8076,1.0044,1.7262,0.7966,1.1720,1.3345
AT2G25900.1,17.0783,19.3762,15.8157,19.8292,17.4768,14.1220,21.3597,15.4028,18.4243,20.7478,20.7064,18.3826,29.4748,27.1695,24.8684,31.8088,33.6488,27.5877,41.2447,46.2332,32.2130
AT2G25900.2,18.1202,20.6292,16.6252,21.0588,18.5355,14.8686,22.6824,16.3212,19.4184,22.0321,21.9553,19.4625,31.3890,28.7799,26.3355,33.7882,35.8181,29.2208,43.9139,49.1986,34.1367
AT2G28200.1,7.7974,8.2325,10.3107,9.5146,8.5694,8.9977,7.9150,7.2812,8.4967,7.8427,5.7397,7.8580,7.1514,5.8379,7.9622,9.1367,8.6529,9.7795,13.3698,14.9672,12.3094
AT2G28550.1,8.7521,10.1338,11.6053,10.1469,8.7098,7.7665,6.4894,4.6169,6.2883,5.0974,5.3548,6.5051,6.3233,4.2486,9.4609,7.3413,6.4541,7.9093,8.6483,9.1679,8.5960
AT2G28550.3,8.5600,9.9762,11.4271,9.9393,8.5372,7.7168,6.3603,4.5544,6.2584,5.0290,5.2604,6.4509,6.1844,4.1553,9.2928,7.1984,6.3630,7.7730,8.5077,9.0109,8.4429
AT2G28550.2,9.1422,10.8966,12.2986,10.9774,9.4437,8.3121,7.0995,5.0285,6.6249,5.5512,5.7528,6.8084,6.8667,4.5860,10.0603,8.0037,7.0718,8.4660,9.4645,10.0723,9.2639
AT2G29060.1,1.4556,1.5296,2.5827,1.5010,1.4615,2.4842,1.2354,1.8888,2.3336,2.2534,1.4352,2.8333,2.2301,1.8396,4.1928,1.7946,2.4177,3.5167,2.9749,3.5901,3.6211
AT2G31180.1,0.3744,0.8985,0.7838,0.9866,0.7616,0.5096,0.6117,0.4691,0.4782,0.6817,1.0043,1.1520,1.0329,0.3854,2.4795,0.6619,1.0972,1.4968,1.7393,1.7777,1.1150
AT2G34140.1,0.9277,2.0023,1.0294,1.6315,1.8145,1.2931,1.4899,1.3951,1.1135,1.0839,2.0298,0.9178,2.6684,2.8628,1.3415,3.2812,3.5608,1.6590,2.5828,2.3819,2.1630
AT2G36080.1,29.3166,33.6245,29.2968,40.6569,37.4194,28.2251,46.4954,34.0328,32.8695,40.3028,33.0864,33.2649,49.4925,45.9137,45.8076,50.6013,50.0109,38.8477,43.9514,52.9680,38.7212
AT2G36080.2,13.7570,17.3960,12.8858,24.1720,18.8176,11.9096,26.3560,16.9095,13.1998,20.1495,16.0070,14.9124,24.3783,24.1354,17.2549,26.0217,23.1850,17.4013,22.0161,29.8032,17.2192
AT2G36890.1,4.4997,4.7692,6.9350,4.8698,4.4671,4.8150,3.7902,4.7547,5.4889,9.6442,4.3179,10.3091,7.2156,3.9704,15.5050,6.7119,5.3812,13.8770,10.6084,14.2505,16.5561
AT2G37740.1,1.0220,0.9968,1.4697,1.0323,0.6126,1.0604,0.7040,0.7263,0.8708,0.6691,0.6614,0.8946,0.6671,0.3195,1.2173,0.4025,0.3340,0.7099,0.6851,1.1345,0.7429
AT2G40220.1,8.8341,7.5173,13.8492,5.5211,7.9765,17.0640,8.8802,10.0466,23.3477,8.2294,10.1254,17.1437,4.7592,8.4444,8.2960,5.2494,5.3173,8.0887,2.6044,3.0931,3.4760
AT2G40970.1,18.3187,23.7335,16.7833,25.9197,25.8779,23.2834,28.6918,18.4943,23.9247,18.3631,23.1963,17.4303,28.6209,31.3473,27.4639,30.8686,32.0767,31.6028,34.1183,34.9004,25.9355
AT2G43140.2,0.9876,0.6938,0.6482,0.6221,0.7292,0.8878,0.9045,1.2478,1.3169,4.6496,1.4855,3.3438,4.1358,3.7495,5.1490,3.6190,3.1245,4.7150,3.3622,2.8664,4.1533
AT2G43140.1,0.7162,0.5939,0.5360,0.4578,0.4809,0.5529,0.8915,1.0889,0.8928,3.7452,0.7483,2.3632,3.2289,3.0306,3.4090,3.0332,2.5773,3.3700,2.9671,2.5735,2.9114
AT2G44940.1,12.8993,14.3075,15.1315,15.3222,13.5476,14.0750,12.4307,11.3539,15.4087,11.8358,16.0779,13.6422,12.1549,8.7764,14.1246,9.6742,9.6717,11.7205,8.1931,8.5419,8.1783
AT2G45160.1,8.1579,9.0505,7.7625,8.8253,9.3998,10.2373,10.7782,10.7215,12.2102,13.9943,12.1973,11.4238,13.4469,15.9041,14.5600,11.8070,13.7323,15.5325,13.8957,15.9653,15.6939
AT2G46970.1,15.6997,13.8154,19.2289,12.7238,11.1818,13.6973,9.5830,8.9804,12.8870,11.1929,8.4319,14.7656,10.2739,7.2017,22.1774,12.2911,10.1465,14.1661,13.8795,13.4378,18.5275
AT2G46990.1,17.8571,21.5876,14.2370,21.0805,20.8649,16.9870,25.2550,15.9104,12.9153,21.9446,17.6619,13.0721,36.3093,28.3065,31.5444,37.9407,36.9314,29.9281,37.8073,35.1849,30.9297
AT2G47890.2,4.3428,4.0312,4.9117,3.4228,3.9941,4.4461,4.2588,5.3091,4.2869,4.0573,2.8482,2.9442,2.6798,3.4729,2.6229,2.7709,3.6472,3.1916,3.4827,3.8306,4.3301
AT2G47890.1,4.5609,4.2337,5.1584,3.5732,4.1948,4.6694,4.4538,5.5758,4.5023,4.2611,2.9913,3.0921,2.8144,3.6474,2.7828,2.9101,3.8304,3.3519,3.6577,4.0231,4.5476
AT3G01970.1,3.8989,2.3177,3.6598,2.4349,2.2486,3.6175,2.9073,3.2079,4.1220,4.8317,4.1757,5.1406,6.9910,8.5869,11.8859,12.3555,9.1230,19.2649,15.4096,19.1500,25.1257
AT3G02550.1,13.4284,13.4268,7.6720,9.1671,9.9665,8.0043,11.3118,6.3591,8.9307,12.6127,21.2315,12.4037,20.0620,22.2969,24.7148,23.1388,20.6351,25.5532,20.2240,22.4797,21.5450
AT3G02940.1,0.7977,1.0077,1.9078,0.6949,0.6692,0.9381,0.5029,0.8273,0.5017,0.3920,0.4551,0.3193,0.3804,0.1671,0.6158,0.3001,0.3317,0.2244,0.2424,0.5076,0.3791
AT3G03450.1,10.6536,15.8841,14.6644,8.3338,14.8258,12.9149,13.0189,26.5764,17.6770,19.5233,10.6382,11.8090,7.2019,10.5669,4.4530,7.5754,5.8036,5.1440,4.1048,4.3501,3.7788
AT3G03660.1,0.2756,0.2421,0.3329,0.1889,0.3235,0.5246,0.2658,0.4830,0.4030,1.3489,1.7228,1.7128,1.3291,1.4762,2.7984,2.1332,1.5895,3.3586,2.1977,3.3671,3.2216
AT3G03660.2,0.2487,0.3271,0.3431,0.2044,0.2918,0.5407,0.2398,0.4357,0.3636,1.2167,1.5539,1.5449,1.2387,1.3315,2.6125,1.9650,1.4714,3.1681,1.9822,3.1029,3.0648
AT3G04060.1,4.4925,6.1339,5.3510,5.8815,7.0329,6.5667,5.6299,5.8346,9.5225,5.6445,5.5702,8.7828,6.3963,7.5725,8.6694,6.6290,7.9086,12.8473,7.4080,8.8969,7.7453
AT3G06740.1,5.6737,6.8077,7.6891,7.3899,5.3431,6.0664,6.1772,4.2805,4.9381,4.5437,3.5886,5.0114,6.0168,4.7276,6.8035,7.4810,4.6969,6.0008,7.5560,6.9949,8.5541
AT3G10040.1,1.9062,1.2768,1.6686,0.9007,1.1713,0.8233,0.8579,0.4955,0.9175,1.7658,1.9637,2.2525,2.3151,1.5654,5.4914,1.5967,2.1861,3.2364,1.9883,1.9314,2.4364
AT3G11580.1,3.9088,6.3958,3.9304,7.4717,4.9004,4.1983,7.3072,4.7032,4.2275,3.7974,2.4846,2.4477,3.9948,2.6137,2.1607,3.1620,2.5765,2.1699,2.4775,2.3089,1.6836
AT3G11580.2,4.2902,6.1087,4.1968,6.8885,5.3252,4.5185,7.3749,4.1666,4.9310,3.4816,2.2718,3.2001,3.3197,2.5111,2.5559,3.3074,2.7865,2.5026,2.5000,2.3248,1.7465
AT3G14230.1,115.3013,102.0109,163.4706,105.1923,95.5247,134.6461,99.5405,114.1614,187.7159,172.0869,135.9839,255.2784,178.1759,167.0457,336.3779,177.1113,198.2327,302.0950,212.4428,221.6844,259.8004
AT3G14230.3,116.3650,102.9519,164.9315,106.1627,96.4059,135.8882,100.4588,115.2146,189.4476,173.6475,137.2098,257.5460,179.8195,168.5867,339.4566,178.7452,200.0614,304.8512,214.4026,223.7295,262.1971
AT3G14230.2,115.7953,102.4479,164.1709,105.6429,95.9339,135.2229,99.9669,114.6505,188.5201,172.7974,136.5380,256.3720,178.9611,167.7613,337.8190,177.8700,199.0819,303.3892,213.3529,222.6341,260.9352
AT3G15030.2,11.8967,10.7131,8.2406,12.8930,12.5297,9.7302,17.2937,8.6913,11.1086,9.6805,13.8558,12.3071,15.0165,19.8881,15.4287,14.5914,15.9042,14.4260,10.3029,10.8599,8.5783
AT3G15030.1,11.4222,10.2857,7.9119,12.3787,12.0299,9.3421,16.6160,8.3447,10.6655,9.2944,13.3031,11.8162,14.4175,19.0948,14.8132,14.0094,15.2698,13.8505,9.8919,10.4267,8.2362
AT3G15030.3,11.7995,10.8252,7.5586,12.9126,12.5404,9.3173,17.3443,8.8568,10.3795,9.8208,13.7474,11.5986,15.2263,20.0619,14.3959,14.5731,15.9606,13.8851,10.4739,10.9661,8.5458
AT3G15210.1,40.0322,41.5155,40.1726,25.7400,26.1875,27.6324,21.5371,22.7145,35.5367,19.0176,33.6839,31.1812,24.3796,28.1909,32.4602,29.6518,21.8642,27.0634,23.7309,22.0711,30.0254
AT3G15500.1,1.3995,1.8168,3.3205,1.8431,1.0566,2.3579,2.4445,2.3021,3.1002,4.3938,3.1427,3.2698,2.5088,3.1157,2.5000,3.8704,3.1939,4.3145,6.3707,6.9643,5.7576
AT3G16350.1,0.9280,0.9757,1.5762,1.3885,0.8513,1.3621,1.3275,0.9162,1.2496,1.6502,0.7880,1.5983,1.4018,1.2914,2.0198,1.5322,0.8608,1.7067,1.6958,2.3937,2.4440
AT3G16770.1,43.6448,57.7095,35.0741,41.1666,60.5220,40.2117,46.3652,57.2787,52.1788,59.2489,50.7359,36.3338,111.3051,89.0146,78.0629,269.9293,248.7252,219.1738,563.9902,681.9590,477.4099
AT3G16857.2,10.5802,11.9018,14.5623,13.9426,11.1272,10.6139,10.6882,12.1552,12.0379,13.2359,8.1260,12.2954,11.7283,9.4453,14.2095,12.0602,13.8433,16.1153,20.5528,21.0644,17.9337
AT3G16857.1,12.3876,13.3836,17.4484,15.8738,12.6365,12.8731,12.0885,13.7555,14.1997,14.9014,9.4897,14.7120,13.1078,10.7162,17.2810,13.6522,15.7462,18.7630,24.6660,23.9821,21.4248
AT3G17600.1,0.3218,0.5486,0.4626,0.1474,0.6289,0.3651,0.3554,0.4233,0.3924,0.8408,0.4480,0.4710,1.0353,0.3163,0.8610,0.8843,1.3440,0.9606,0.5950,1.5326,1.8908
AT3G18400.1,1.2746,2.5544,3.0140,2.7770,2.5331,2.5708,1.8200,1.2429,1.2670,0.8808,2.0712,1.0188,0.6473,1.0516,1.8134,0.5465,0.7549,1.1650,0.4202,0.1581,0.3041
AT3G19580.2,10.4102,12.4461,9.8162,13.2291,12.5464,10.1271,9.5403,10.0955,7.8973,7.8147,6.3990,5.9077,6.5575,6.5334,4.8467,6.8283,6.3253,5.3235,9.3622,11.3632,7.3430
AT3G19580.1,10.7456,12.3082,9.9941,12.9673,12.3659,10.0685,9.4357,10.0150,8.0618,7.8909,6.7024,6.1911,6.3112,6.4394,4.8011,6.6740,6.3083,5.4661,9.3775,11.3472,7.4604
AT3G23240.1,0.2787,0.1703,0.2807,0.1910,0.5445,0.1901,0.3914,0.6103,0.3774,2.4546,3.0964,2.1094,4.7762,4.2764,2.9787,2.4478,3.1715,2.8564,3.1549,3.8243,2.4919
AT3G24120.2,6.0050,7.4575,6.7494,9.3465,8.9655,6.8750,8.5279,7.2096,5.9301,9.6511,6.4814,5.9852,11.4072,8.5371,8.5488,10.6272,10.7214,8.6777,13.4387,13.1858,10.8117
AT3G24120.1,7.0850,8.7160,7.9221,10.6323,10.2973,8.0043,9.8470,8.4431,7.0060,11.4985,7.4872,6.9164,13.6583,10.2841,9.8909,12.3678,12.8667,10.0909,15.8301,15.2835,12.7063
AT3G25730.1,15.9738,19.7437,16.5048,25.1146,19.9978,17.5363,24.4340,21.3357,28.8678,35.0084,35.3054,50.2019,42.4272,29.8779,54.0357,38.7490,35.6542,42.3859,44.0713,39.7054,43.1155
AT3G27650.1,0.5756,0.4914,1.1169,0.6236,0.5231,0.8162,0.4915,0.8835,1.0914,0.8471,1.1017,1.5316,2.7797,1.7890,4.7928,4.0350,5.2487,6.4459,5.7106,4.5303,8.6161
AT3G29035.1,6.4955,6.9110,8.6644,6.2099,6.0735,7.7668,4.5132,6.6003,9.7305,9.7925,7.7612,13.5345,7.3892,6.6574,14.4941,8.5732,8.4201,13.5415,11.3239,11.9651,13.4538
AT3G49930.1,8.7394,10.6998,8.5600,9.5853,10.0850,9.3700,5.8635,6.7995,7.2084,5.5371,5.8939,5.3993,7.7432,5.4412,9.6361,7.9350,6.0855,8.6900,7.4827,8.0512,7.3184
AT3G50330.1,60.1248,67.1099,53.9560,75.6166,79.0158,64.7045,111.4796,84.4866,81.6156,80.3340,105.9602,81.9742,130.0913,109.1800,92.5938,127.0030,117.4880,91.9039,135.3248,141.1593,115.1285
AT3G56400.1,1.2442,1.4971,1.3164,1.1810,0.9428,1.0661,0.9917,1.1272,1.3382,2.8749,0.7553,2.5008,2.6192,2.1027,3.7993,2.3528,2.6259,3.2172,3.2385,4.4356,3.4477
AT3G56970.1,1.6612,2.1442,1.7712,1.0368,2.2535,2.4616,1.1779,1.2009,2.4631,1.5349,1.5827,1.8350,1.0243,1.2805,2.6624,0.8480,0.9301,1.1512,0.5435,0.7817,0.7462
AT3G56980.1,3.8581,4.9095,4.7440,2.0619,6.2052,8.0965,3.5984,4.8697,5.0715,5.1358,4.2521,5.3634,3.4504,5.7467,4.9580,3.5795,3.5799,6.3422,1.8793,2.3591,3.1415
AT3G58190.1,1.1618,1.0539,1.4438,0.8906,1.2472,1.7084,0.5605,1.0605,1.1716,0.6847,0.7288,0.5205,0.4127,0.3964,0.8722,0.4612,0.3544,0.5478,0.1729,0.3412,0.4485
AT3G58710.1,7.3362,8.0212,6.1991,8.0055,8.8407,5.6007,6.9793,6.2350,4.0512,6.5951,4.3174,4.5670,5.8196,4.4774,4.0369,6.9523,6.3474,5.2405,6.8632,7.5360,5.9237
AT3G58710.2,8.0299,8.6419,6.6524,8.9683,9.6376,5.9397,7.7022,7.0875,4.5792,7.4748,4.7261,5.1634,6.2489,5.0792,4.4125,8.0806,6.9894,5.6941,7.2802,8.3615,6.6352
AT3G60390.1,12.5140,14.6557,16.5846,15.6651,14.2696,11.7647,13.2393,9.1664,11.1122,9.1892,7.8253,9.3706,10.5096,7.5526,10.2129,9.7392,8.6993,8.5656,11.5062,9.6051,9.7350
AT3G60530.1,234.1625,219.5104,244.6094,215.6273,236.4937,316.8097,266.0216,269.9795,383.9092,221.4878,331.7245,246.4929,347.6973,391.1644,360.9596,351.7502,387.2731,411.0694,381.3253,398.9229,417.6267
AT3G60630.1,11.0159,10.8407,10.0728,12.6761,12.3632,13.0193,13.2027,12.9533,14.9202,15.5002,14.0773,13.6794,14.4990,15.4835,14.9052,14.6455,15.4250,19.2216,15.1722,17.7900,16.3270
AT3G61630.1,6.8956,8.9295,12.6151,6.5925,6.8351,10.4019,6.8583,6.3701,8.3447,3.3364,4.4821,4.6144,7.3924,5.9654,6.2203,8.5020,7.5329,7.2902,9.7250,8.1756,7.6321
AT4G00050.1,1.4692,2.1271,2.7425,3.0150,2.0115,3.0208,1.6980,1.9206,1.4387,1.4717,1.1594,1.6771,2.9956,1.6498,3.6153,3.5400,3.1936,2.8577,4.3062,5.4100,3.5870
AT4G00150.1,22.6128,34.3745,21.7789,37.6779,34.8416,28.3173,38.9616,36.5867,34.5806,34.1944,34.8633,33.3330,44.8070,45.8196,34.0161,44.6511,49.7967,45.6501,45.8260,65.8384,38.9928
AT4G00180.1,16.1851,18.7110,15.4887,24.9668,22.5160,16.9634,28.1947,21.1509,17.9985,22.3461,18.0514,17.6294,28.8960,28.3034,21.9117,29.6410,30.7936,24.6252,29.0547,34.9678,24.1060
AT4G00180.2,14.9317,17.2246,14.2862,22.9833,20.7273,15.6158,25.9548,19.4990,16.5686,20.5709,16.6174,16.2289,26.6004,26.0549,20.1710,27.2863,28.3472,22.6689,26.7465,32.1898,22.1909
AT4G00730.1,20.6643,24.4584,25.5749,25.2843,25.1200,22.3037,26.0435,24.7789,28.3716,26.9501,22.4517,29.3270,37.4444,33.0558,35.6555,34.7101,35.5065,40.8334,38.7455,45.2042,34.9418
AT4G00730.2,20.0845,23.7722,24.8691,24.5749,24.4152,21.6780,25.3210,24.0956,27.5756,26.2073,21.8218,28.5042,36.3938,32.1284,34.6551,33.7362,34.5103,39.6878,37.6685,43.9359,33.9615
AT4G01250.1,3.6187,5.0531,3.8806,5.2522,4.1999,5.1769,5.2412,3.6248,4.4885,4.4849,3.8193,3.8849,5.7147,6.1292,6.1393,7.0938,6.2307,5.8826,7.3083,8.9345,8.0726
AT4G01720.1,2.4332,2.4918,2.9401,2.7471,3.0201,2.3363,2.3164,2.8825,3.0669,3.4867,2.2120,4.3158,2.7454,2.3112,4.8688,3.3357,2.9626,5.0205,3.4055,4.3916,4.0448
AT4G05100.1,5.0057,7.8775,8.1825,6.0460,6.3927,6.9720,3.7703,4.0936,5.4279,5.3232,3.1307,4.9700,2.2012,1.5409,4.7098,2.5688,3.0308,3.3393,4.0165,4.4460,4.0513
AT4G06746.1,0.0772,0.1125,0.1984,0.2618,0.4485,0.3643,0.2306,0.6030,0.4349,0.1506,0.3196,0.6710,0.3082,0.5003,0.7501,1.4489,0.9291,0.8986,0.9606,1.3718,0.9805
AT4G09460.1,12.5806,17.5111,18.2020,15.2663,13.7018,17.7806,11.2066,15.6868,14.0219,12.4828,10.5449,9.1135,9.7021,7.7970,10.3513,12.7456,10.1258,9.2890,17.4279,16.7903,13.4851
AT4G11140.1,0.8312,0.6083,0.9816,0.5093,0.6240,0.6258,0.9224,0.8062,0.8893,1.2877,1.3250,1.7119,1.4800,1.4321,1.3674,1.0115,0.9986,0.8586,0.6158,0.4958,0.5976
AT4G14540.1,6.3490,7.4522,8.8570,7.7795,6.3776,9.6518,7.3392,7.1913,8.7053,7.3917,7.3282,8.2001,8.2703,8.1728,11.2788,10.6090,12.7531,14.6550,13.4493,13.7192,11.6807
AT4G14550.1,3.1599,3.3461,4.1040,3.5831,2.5243,2.8897,2.2487,3.1693,2.5211,3.1610,1.7929,2.0205,1.8681,1.4594,2.4741,1.6659,2.0388,1.6882,2.7194,2.5261,3.1424
AT4G16750.1,5.1729,5.5214,4.1462,4.8040,4.5158,3.4510,3.7531,2.5019,3.2199,1.8660,3.5302,1.9831,2.8933,2.3173,2.3587,2.5291,2.7322,2.6943,2.0725,2.3212,2.6715
AT4G17500.1,9.1508,9.1279,10.0904,6.8912,11.8243,11.0016,10.4993,12.7948,16.8417,14.5695,15.6915,18.6481,13.0563,16.0899,15.4129,14.5369,14.7278,14.7812,13.9432,14.6697,13.2226
AT4G18890.1,2.0503,2.2746,3.5092,1.5202,1.8057,3.1641,1.5444,2.8785,3.4176,1.9121,1.6784,2.7304,1.1847,0.9631,2.1372,0.6216,1.0668,3.0083,0.9117,1.3433,1.5098
AT4G25470.1,2.1215,1.7934,0.9365,1.1296,0.9495,0.3861,0.8528,0.6627,0.7291,0.4636,1.2319,0.6035,0.7986,1.0505,0.7589,0.5459,0.3238,0.3974,0.5245,0.5032,0.2659
AT4G27900.1,4.1737,3.6959,4.5505,3.5576,3.1017,4.0887,3.2650,4.1447,5.7164,6.2888,4.0934,6.1728,6.9927,5.4679,10.3029,7.1659,7.0488,10.7368,7.8626,9.7538,9.3207
AT4G27900.2,4.2599,3.6953,4.6205,3.6632,3.1937,4.0818,3.2710,4.2347,5.8248,6.4385,4.2542,6.1753,7.1091,5.5315,10.4067,7.3164,7.2007,10.8652,8.0122,9.9932,9.4157
AT4G28110.1,1.1763,1.6213,2.4591,1.9498,1.4038,1.6940,0.6819,1.3498,0.6995,0.4004,0.4733,0.9402,0.1832,0.2675,0.5261,0.0383,0.1042,0.0517,0.0680,0.1516,0.0736
AT4G28140.1,3.0315,3.4197,7.5018,4.4233,2.5122,5.1727,3.8509,4.0064,3.7722,0.8612,1.6797,1.6350,2.2964,1.3883,2.5783,1.1470,1.0292,1.1272,0.7311,0.8036,0.4702
AT4G29080.1,5.3386,6.0041,5.4144,5.5025,5.6809,6.5435,6.5737,4.6852,5.9155,4.3237,7.4258,5.0396,6.9648,6.2293,7.3932,8.6804,10.9437,10.5154,12.1817,11.8232,10.1028
AT4G29930.3,2.2053,3.6289,5.4061,3.1548,3.0262,4.4017,1.5404,2.7707,2.2825,1.8205,1.6761,1.1620,0.4048,0.2307,0.8067,0.6217,0.4204,0.3100,0.4833,0.2680,0.1217
AT4G29930.2,2.5430,3.8272,6.0770,3.4130,2.9530,5.5269,1.4737,2.5321,2.5851,1.8245,1.8909,1.3683,0.3950,0.1611,0.9619,0.6470,0.4474,0.3300,0.4355,0.3266,0.1581
AT4G29930.4,2.3078,3.2574,5.5551,2.9087,2.8183,4.6859,1.3665,2.3450,2.1732,1.6695,1.6925,1.1329,0.3272,0.1601,0.8688,0.5358,0.3706,0.2734,0.4506,0.2975,0.1310
AT4G29930.1,2.5313,3.5729,6.0167,3.1905,3.0913,5.1399,1.4988,2.5722,2.3837,1.7876,1.8564,1.2426,0.3588,0.1755,0.9529,0.5876,0.4064,0.2997,0.4942,0.3263,0.1436
AT4G30980.1,15.3938,18.4043,11.7832,18.7071,18.9401,16.3172,15.5969,14.2422,18.1881,14.5765,14.7194,18.5683,17.4983,17.6472,20.0148,19.4911,20.4467,23.0684,20.8387,30.2538,24.4658
AT4G31550.1,21.8026,25.8329,25.7778,28.6724,27.8101,29.6932,21.2099,20.2962,22.3179,14.7885,13.7642,20.3269,16.9928,15.0514,24.9931,19.5084,19.8484,20.3999,19.3714,22.7934,19.9139
AT4G31550.2,22.1801,26.3399,26.3197,29.3445,28.3764,30.3131,21.6959,20.7603,22.8715,15.1763,14.0440,20.6427,17.3758,15.3189,25.4402,19.8916,20.2210,20.8694,19.7643,23.1582,20.4049
AT4G36780.1,30.0466,28.0405,40.2121,32.5502,24.8560,39.0472,29.3088,26.4240,45.6815,30.8296,24.6871,39.0240,30.7424,25.5258,47.8710,32.2616,36.7799,59.3304,44.9274,54.2288,58.0722
AT4G37260.1,18.0605,24.2614,19.1638,17.2137,22.5220,17.5231,16.3023,23.2676,18.1114,26.0261,13.5863,17.3083,26.9230,20.1706,21.9910,27.1976,27.2572,25.6446,33.8414,38.9625,33.7835
AT4G37540.1,21.0778,17.4808,22.3650,19.2616,20.6436,26.7559,16.7175,15.9058,18.6705,10.6753,15.6183,12.3740,15.6538,12.5475,22.0717,17.9266,20.0263,20.6047,21.6097,20.0621,23.4357
AT4G37610.1,1.3964,1.3166,1.7408,2.3563,1.5875,1.6269,1.2341,1.7154,1.7159,1.2186,1.2323,1.7852,1.3256,1.1995,2.4669,1.6914,2.1014,2.9052,5.4210,6.0532,5.7793
AT4G39780.1,5.0514,7.9477,6.8064,5.5453,6.7357,7.0277,5.6271,8.8014,9.8111,7.6335,8.3153,9.8729,7.6148,8.9027,9.8051,11.7346,13.0527,14.4681,13.9669,19.1695,11.6451
AT5G03740.1,26.5761,28.8178,37.1126,26.5145,25.1592,26.8517,19.9400,16.7497,20.5300,16.7913,17.1211,18.9933,40.8649,26.3030,52.7349,41.6097,45.5762,52.1031,48.4861,47.2073,47.9266
AT5G06250.1,0.8713,1.0870,0.8848,0.9819,1.1174,0.9422,2.3144,1.5734,1.0002,2.2624,1.0708,1.3101,1.6514,2.7845,0.7786,1.7769,1.0919,1.2929,1.5176,1.2627,1.6046
AT5G06250.2,0.8284,1.0335,0.8412,0.9668,1.0623,0.8959,2.2297,1.4959,0.9510,2.1509,1.0181,1.2456,1.5701,2.6473,0.7403,1.6893,1.0381,1.2293,1.4428,1.2006,1.5256
AT5G06710.1,1.0079,0.7866,1.2756,0.8278,0.7329,0.7095,0.4863,0.7079,0.7652,0.4293,0.5972,0.6179,0.4338,0.2648,1.2305,0.4722,0.6140,0.8292,0.8213,0.8058,0.7288
AT5G06710.2,0.8711,0.7056,1.1275,0.7665,0.6526,0.6358,0.4503,0.6555,0.6833,0.3975,0.4880,0.5473,0.4017,0.2453,1.0838,0.4373,0.5686,0.7503,0.7605,0.7462,0.6749
AT5G07100.1,0.6941,0.5643,1.2640,0.3435,0.3885,1.2072,0.4650,0.9134,1.1597,1.0216,0.7252,1.7550,0.8700,0.5812,2.3061,0.9551,1.1146,2.1389,1.9117,2.4634,2.2897
AT5G07100.2,0.6618,0.4843,1.1417,0.2949,0.3335,1.1709,0.4389,0.8128,1.0489,0.9091,0.7605,1.5323,0.7466,0.5204,2.1559,0.8196,1.0067,1.8909,1.7138,2.1577,2.0443
AT5G08330.1,19.5378,22.1369,15.8237,22.7278,23.7780,17.4942,17.4826,23.2746,12.4076,13.5071,12.7272,8.3719,13.2679,12.0640,8.0976,15.5536,12.2123,9.3490,17.0564,17.5006,12.1540
AT5G10120.1,12.5624,15.1162,20.3304,8.6610,10.7208,13.9865,9.4237,20.0916,15.8098,19.2368,8.1716,12.4985,6.1008,6.1108,5.2199,5.6813,5.8087,8.9476,2.9548,5.2307,7.2653
AT5G10970.1,1.8480,1.8686,1.5483,1.7853,1.2767,1.3697,0.7538,1.0975,0.7962,0.8009,0.7957,0.6956,0.7891,0.3924,1.2630,1.4367,1.4067,1.1282,1.6103,1.8103,1.3100
AT5G12330.1,0.2796,0.7754,0.4819,0.4776,0.8188,0.5512,0.7564,0.7834,0.4315,0.8214,0.7579,0.5131,1.1686,1.5158,1.1460,2.4171,1.9941,1.5946,2.6627,3.1373,2.1268
AT5G12330.2,0.3378,0.7813,0.3644,0.4620,0.8721,0.4598,0.6944,0.7893,0.4804,0.8552,0.6463,0.5169,1.1775,1.5089,1.1046,2.3658,1.9237,1.5910,2.6829,3.3480,2.0978
AT5G12330.4,0.2975,0.7352,0.3357,0.3756,0.7280,0.6689,0.5645,0.6416,0.4462,0.7623,0.5969,0.5843,0.9754,1.3010,1.1831,1.9981,1.6850,1.5617,2.2986,2.8273,1.9981
AT5G12330.3,0.1232,0.6269,0.4758,0.3147,0.6674,0.5629,0.6271,0.5106,0.2993,0.6610,0.5439,0.5627,0.9124,1.1622,1.1479,1.5660,1.4663,1.5778,2.0607,2.3625,1.6456
AT5G12870.1,1.6839,2.0234,2.1799,1.9203,2.1854,1.7745,1.5944,1.6185,1.2067,2.2429,1.1314,1.7301,1.1313,0.4735,1.7910,0.6960,0.8548,0.9448,0.9803,0.9085,0.8378
AT5G13080.1,1.8255,1.9384,2.2362,1.1287,1.0376,2.0851,1.1358,1.7571,2.6336,3.9874,1.8459,4.4221,2.7048,2.2758,5.2071,2.1885,1.6583,3.7638,2.8779,4.0783,3.3574
AT5G13330.1,12.9104,13.7874,18.2195,12.9763,15.2621,14.4785,13.1338,12.6747,18.3815,17.5992,15.5714,25.2865,20.3470,18.0185,30.1207,20.7562,19.4174,26.4035,26.1021,28.6567,23.5387
AT5G13790.1,1.5381,1.1254,1.6092,1.2440,0.7042,1.0160,1.3481,0.9820,1.2511,1.2355,0.7797,1.1549,1.5026,1.4656,3.8298,1.6553,2.3406,3.0311,2.5193,2.3280,2.4702
AT5G13910.1,8.5383,11.8767,5.7995,10.2004,11.6806,6.4341,13.3666,13.8185,15.0822,17.0367,15.2099,18.9023,19.6846,25.1219,18.1957,21.5016,17.4161,22.6450,19.6434,24.7530,20.9098
AT5G14370.1,3.3628,2.9958,4.2243,3.0303,3.1835,3.2196,2.7485,2.4839,2.1936,2.4189,2.1921,3.3259,3.8909,2.4431,5.4732,2.8326,3.1928,4.5930,4.6109,5.2336,6.1500
AT5G17430.1,0.7900,1.0994,1.6266,0.9066,0.6627,0.8329,0.8597,0.7157,1.3670,1.5249,0.9583,2.0348,1.2317,0.8513,1.8656,1.0520,1.2600,2.0420,1.7351,2.1371,2.3927
AT5G17490.1,5.9140,6.9732,6.7045,5.1342,5.9781,8.2344,5.5843,8.2688,9.8519,5.6105,5.7415,5.3081,3.7353,5.2620,3.1355,3.5181,3.3089,4.1461,2.8770,2.8816,2.9782
AT5G17810.2,1.7830,1.6373,2.0955,1.0388,1.2730,2.0407,1.0518,1.6979,1.6044,2.3457,1.3876,2.2431,0.5510,1.1187,1.0173,0.8465,0.8378,1.0004,0.4503,1.0112,1.3105
AT5G17810.1,2.2832,1.9978,2.4344,1.2258,1.5023,2.4083,1.2413,2.0038,2.0754,2.8123,1.5908,2.6830,0.6863,1.3201,1.2405,0.9989,0.9546,1.1805,0.5313,1.1933,1.5106
AT5G19790.1,3.5292,3.2096,2.5937,2.0890,2.9601,2.8256,1.8970,3.0554,3.1805,4.3536,1.8443,4.1921,2.2682,3.2492,3.1960,6.9711,5.5164,6.6321,5.9333,9.4336,9.3450
AT5G21120.1,0.4658,0.2843,0.4244,0.3544,0.3691,0.1944,0.1255,0.2729,0.5890,0.6346,0.4327,0.7851,0.6461,0.2885,0.9469,0.5981,0.6102,1.1160,1.1675,0.9814,1.2868
AT5G22890.1,2.9694,5.3187,5.4915,3.9184,4.9296,4.9308,3.7241,4.1744,4.5829,6.3343,4.6220,6.6334,4.6395,4.6045,8.3097,7.9317,6.3635,8.2737,7.1573,9.7062,5.7914
AT5G23280.1,20.1062,23.0832,30.3554,15.1344,12.6908,17.3351,8.3985,7.8062,12.8876,10.1365,9.1519,12.3369,10.7672,8.6846,14.3417,13.8484,10.8156,15.8627,15.2194,14.9825,13.3852
AT5G25190.1,12.8531,12.5993,14.3728,15.5960,11.6531,14.8471,16.3660,11.3711,21.7515,12.7191,16.5835,28.3174,17.4467,18.0664,35.4736,19.3831,19.1673,30.6989,25.3965,20.8318,25.8290
AT5G25890.1,4.5008,4.0781,5.8712,3.9549,5.3619,5.7812,2.7738,4.1743,7.0706,7.8816,5.3975,9.3586,6.5126,5.1931,16.8600,10.5173,8.6793,13.4791,13.7483,17.6111,18.4421
AT5G39610.1,1.6148,1.7580,1.9771,1.6703,1.5749,1.6877,1.8326,2.5371,3.3889,6.4850,3.4912,6.3892,4.4777,4.6231,8.5855,5.4256,4.6567,6.9677,7.2835,8.4510,7.9290
AT5G41570.1,0.8555,1.0949,1.1074,0.9512,1.0761,1.3103,0.8377,0.7978,0.3919,0.3156,0.6707,0.2144,0.3454,0.1409,0.6691,0.3980,0.2449,0.6899,0.0406,0.1077,0.1297
AT5G43170.1,3.2972,3.1541,2.3537,3.5578,4.7328,4.4902,5.3862,3.6725,4.4345,5.8501,6.5583,5.0666,6.8470,8.3060,6.0613,7.5926,5.5489,5.8667,5.6347,4.5613,4.9906
AT5G44160.1,1.5502,2.2863,2.1628,2.4569,2.1666,3.0603,1.9612,2.2216,2.5628,1.9019,1.5928,2.2707,2.5814,1.7601,2.5387,2.6027,2.5555,3.5486,2.8885,3.3720,2.7178
AT5G44260.1,44.2979,56.4926,31.7835,63.3435,60.2518,40.1195,81.6606,59.4585,58.3777,86.3671,101.5745,70.6877,118.1713,132.2571,84.0259,113.0659,117.4662,101.9413,118.7985,132.0620,94.8649
AT5G46690.1,1.0678,0.7006,1.8108,0.8820,0.6489,0.8527,0.8210,0.5175,1.1677,0.6871,0.3469,0.8829,0.3864,0.2179,0.3625,0.3352,0.2530,0.4342,0.2734,0.2705,0.2669
AT5G46710.1,8.0219,8.3912,9.7282,10.1274,7.6365,7.6477,8.6033,6.2305,8.3180,9.2524,9.3878,9.4553,12.2514,9.1173,18.3835,12.7868,12.9118,13.0233,15.4759,13.1446,15.5273
AT5G47220.1,0.8795,0.9142,0.0409,0.5073,0.8930,0.2529,1.2547,0.8126,0.7907,2.0435,2.0786,1.7007,3.0942,3.2724,2.5212,2.7125,3.2034,2.8794,2.5352,2.5267,2.0437
AT5G47230.1,2.8016,2.2954,3.1274,3.3227,2.8823,3.3829,3.5108,3.8678,4.1918,3.9231,4.7221,5.3126,3.1009,3.7436,5.2058,3.0235,3.8375,4.8803,5.0067,4.9260,4.6498
AT5G47390.1,17.3579,21.3961,16.3338,24.3564,20.5705,16.7202,20.1555,15.3054,16.7969,16.1224,15.2676,15.8246,22.9547,19.0712,20.2698,24.7937,23.3059,21.6868,31.5890,31.9974,25.2363
AT5G47640.1,23.9411,25.3203,20.9218,20.5146,22.6479,17.9828,17.0130,18.3236,12.4850,14.7356,12.2197,10.2292,16.1772,16.3801,10.0313,16.4025,17.5736,13.5461,18.5503,20.6784,19.3664
AT5G48890.1,30.7905,25.2684,57.2020,31.6917,32.4059,46.5223,56.3227,59.4308,102.5885,71.0816,55.2549,104.4178,74.9972,101.0168,86.7233,82.4205,69.0007,108.4825,59.9467,64.6549,71.1778
AT5G51780.1,22.9800,23.2749,29.9644,21.9409,28.0044,32.9685,17.8992,22.1060,29.1510,22.5096,26.2179,19.3843,14.9993,10.7440,19.2165,15.8576,14.9109,16.6328,15.0197,18.1861,15.2240
AT5G51790.1,2.9779,3.2408,3.1972,3.6776,3.1677,2.2259,2.0134,2.2949,3.1896,2.9232,2.0494,2.2059,2.5173,1.2852,1.7526,1.2604,1.1614,1.6298,1.3454,1.0650,0.9924
AT5G53660.1,31.9054,28.1451,38.0927,38.8901,27.3848,31.5748,39.4264,25.3841,37.0479,42.7229,36.0630,50.2345,57.2159,44.8183,74.3236,49.3464,50.5738,59.6992,53.4549,47.3112,56.9654
AT5G53950.1,0.3093,0.3111,0.4334,0.3438,0.3242,0.4734,0.2332,0.4407,0.8472,0.4928,0.4037,0.6170,0.3116,0.4554,0.6553,0.5103,0.7343,0.8223,1.1713,0.8225,1.2392
AT5G53980.1,93.9853,102.9165,94.4715,98.9524,94.0740,89.5321,82.1846,100.3162,140.0357,189.8451,171.4135,240.8024,179.9864,143.6444,308.8293,148.8396,149.8775,195.3621,170.9560,193.4934,170.2944
AT5G57520.1,4.2654,3.2108,3.5217,3.3419,4.3033,4.2095,3.8364,2.3874,6.2334,1.9423,4.7151,6.3226,5.9285,6.2763,9.9958,9.1891,8.5614,14.0727,8.2857,9.5932,10.8225
AT5G57620.1,3.2353,3.2926,4.5526,3.2967,2.9790,3.9989,2.1403,3.4255,4.5754,4.3837,2.2785,4.4397,3.6277,2.1427,5.9062,3.8628,2.7033,5.6987,5.1302,6.9795,7.6531
AT5G58010.1,3.1562,4.7132,3.9727,1.9501,4.9996,4.4772,2.0605,6.3081,5.7389,5.4642,2.5652,4.3785,3.6742,5.0822,4.3864,5.9731,5.5707,6.5874,6.0702,9.9260,7.4631
AT5G59820.1,6.2166,5.5846,10.8721,4.6646,7.8207,7.1667,6.3083,10.7189,6.1201,3.8545,3.9889,4.3580,5.1863,4.5727,4.9700,3.6937,3.7355,2.4471,2.7065,2.8339,2.6286
AT5G60850.1,12.1709,11.3228,14.9766,10.5494,7.7741,11.1570,6.2431,8.5177,9.9491,7.7815,9.3590,10.1253,6.7916,7.1761,8.5327,7.3207,7.8381,9.6086,12.6890,13.6369,11.6558
AT5G60890.1,11.1264,11.5720,21.8128,13.7896,10.8735,15.8457,8.0686,9.6780,11.1040,8.0226,5.9335,11.2257,4.6563,2.4518,8.6806,4.4464,4.4718,6.2218,4.5462,4.3295,4.0868
AT5G61420.2,0.3755,0.3662,0.1895,0.3640,0.4198,0.0647,0.1890,0.0832,0.3309,0.1235,0.1640,0.2753,0.4034,0.4098,0.7817,0.8257,0.8797,0.8060,1.6188,1.3937,1.3043
AT5G61420.1,0.3214,0.2894,0.2563,0.2877,0.3524,0.0849,0.1495,0.0659,0.3217,0.0978,0.1813,0.2373,0.3585,0.3562,0.7717,0.6727,0.7138,0.7335,1.3700,1.1338,1.2085
AT5G61590.1,10.3827,9.4662,10.0010,14.8612,13.2934,11.5446,13.3575,11.4886,11.8702,18.0199,7.3901,10.4616,10.2682,8.9374,10.3973,11.5582,10.9175,12.3204,18.6847,16.6050,13.0528
AT5G64750.1,0.3387,0.8244,0.5597,0.4054,0.3786,0.6334,0.5266,0.5443,0.7334,1.0231,0.7361,0.9230,1.1124,1.1255,1.2079,0.8145,0.6435,0.9006,0.4804,0.8821,0.6339
AT5G65080.1,0.7921,1.0298,1.4047,1.0537,1.1069,0.8390,0.6895,1.0039,1.1448,0.5619,0.9195,0.8440,0.7449,0.7208,1.5326,1.0538,0.9711,1.1842,1.2054,1.3185,1.1307
AT5G65080.2,0.9495,1.4955,1.4495,0.8498,1.3473,0.7463,0.8363,1.2817,1.1285,0.6456,0.6109,0.8173,0.6479,0.8136,1.4353,1.2666,1.0561,1.2695,1.3520,1.6049,1.2903
AT5G66700.1,0.2992,0.1828,0.3442,0.2731,0.2094,0.1025,0.0908,0.3500,0.2840,0.6353,0.2087,0.7557,0.5618,0.2940,0.4451,0.6578,0.9845,0.4470,2.0257,2.3849,1.3185
AT5G67060.1,78.0608,67.5014,83.0006,83.4162,81.2492,84.1172,103.2527,68.4353,121.3628,92.6828,124.2311,129.4127,122.3812,124.8172,151.5599,125.6426,121.9217,156.4737,123.2820,138.0282,131.5366
