Row,GO0009723,GO0009733,GO0071555
AT1G01270,0,0,0
AT1G01380,0,0,0
AT1G01453,0,0,0
AT1G01480,0,0,0
AT1G01580,0,0,0
AT1G01600,0,0,0
AT1G01620,0,0,0
AT1G01640,0,0,0
AT1G01650,0,0,0
AT1G01725,0,0,0
AT1G01750,0,0,0
AT1G01770,0,0,0
AT1G02050,0,0,0
AT1G02205,0,0,0
AT1G02460,0,0,1
AT1G02570,0,0,0
AT1G02770,0,0,0
AT1G02800,0,0,1
AT1G02900,0,0,0
AT1G02920,0,0,0
AT1G02930,0,0,0
AT1G03090,0,0,0
AT1G03120,0,0,0
AT1G03130,0,0,0
AT1G03630,0,0,0
AT1G03700,0,0,0
AT1G03820,0,0,0
AT1G03850,0,0,0
AT1G03970,0,0,0
AT1G04140,0,0,0
AT1G04180,0,0,0
AT1G04220,0,0,0
AT1G04310,1,0,0
AT1G04360,0,0,0
AT1G04660,0,0,0
AT1G04800,0,0,0
AT1G04980,0,0,0
AT1G05000,0,0,0
AT1G05010,0,0,0
AT1G05020,0,0,0
AT1G05220,0,0,0
AT1G05240,0,0,0
AT1G05250,0,0,0
AT1G05300,0,0,0
AT1G05450,0,0,0
AT1G05660,0,0,1
AT1G05890,0,0,0
AT1G05990,0,0,0
AT1G06030,0,0,0
AT1G06080,0,0,0
AT1G06180,0,0,0
AT1G06330,0,0,0
AT1G06360,0,0,0
AT1G06520,0,0,0
AT1G06570,0,0,0
AT1G06830,0,0,0
AT1G06923,0,0,0
AT1G06930,0,0,0
AT1G06980,0,0,0
AT1G07000,0,0,0
AT1G07040,0,0,0
AT1G07128,0,0,0
AT1G07150,0,0,0
AT1G07230,0,0,0
AT1G07260,0,0,0
AT1G07300,0,0,0
AT1G07310,0,0,0
AT1G07440,0,0,0
AT1G07640,0,0,0
AT1G07690,0,0,0
AT1G07720,0,0,0
AT1G07795,0,0,0
AT1G08005,0,0,0
AT1G08010,0,0,0
AT1G08115,0,0,0
AT1G08320,0,0,0
AT1G08390,0,0,0
AT1G08430,0,0,0
AT1G08630,0,0,0
AT1G08650,0,0,0
AT1G08930,0,0,0
AT1G08940,0,0,0
AT1G08990,0,0,0
AT1G09240,0,0,0
AT1G09350,0,0,0
AT1G09380,0,0,0
AT1G09500,0,0,0
AT1G09530,0,0,0
AT1G09710,0,0,0
AT1G09812,0,0,0
AT1G09932,0,0,0
AT1G09950,0,0,0
AT1G09960,0,0,0
AT1G10020,0,0,0
AT1G10060,0,0,0
AT1G10070,0,0,0
AT1G10140,0,0,0
AT1G10160,0,0,0
AT1G10210,0,1,0
AT1G10360,0,0,0
AT1G10370,0,0,0
AT1G10380,0,0,0
AT1G10400,0,0,0
AT1G10480,1,0,0
AT1G10970,0,0,0
AT1G10990,0,0,0
AT1G11120,0,0,0
AT1G11125,0,0,0
AT1G11175,0,0,0
AT1G11185,0,0,0
AT1G11210,0,0,0
AT1G11260,0,0,0
AT1G11530,0,0,0
AT1G11540,0,0,0
AT1G11655,0,0,0
AT1G11700,0,0,0
AT1G11800,0,0,0
AT1G11840,0,0,0
AT1G11920,0,0,0
AT1G11960,0,0,0
AT1G12040,0,0,1
AT1G12064,0,0,0
AT1G12330,0,0,0
AT1G12440,0,0,0
AT1G12500,0,0,0
AT1G12560,0,0,1
AT1G12672,0,0,0
AT1G12890,1,0,0
AT1G12950,0,0,0
AT1G13080,0,0,0
AT1G13100,0,0,0
AT1G13250,0,0,1
AT1G13430,0,0,0
AT1G13448,0,0,0
AT1G13635,0,0,0
AT1G13670,0,0,0
AT1G13710,0,0,0
AT1G13900,0,0,0
AT1G13910,0,0,0
AT1G13930,0,0,0
AT1G14210,0,0,0
AT1G14240,0,0,0
AT1G14700,0,0,0
AT1G14790,0,0,0
AT1G14890,0,0,0
AT1G14960,0,0,0
AT1G15010,0,0,0
AT1G15040,0,0,0
AT1G15050,0,1,0
AT1G15080,0,0,0
AT1G15100,0,0,0
AT1G15125,0,0,0
AT1G15170,0,0,0
AT1G15260,0,0,0
AT1G15350,0,0,0
AT1G15380,0,0,0
AT1G15630,0,0,0
AT1G15640,0,0,0
AT1G15825,0,0,0
AT1G16370,0,0,0
AT1G16500,0,0,0
AT1G16515,0,0,0
AT1G17020,0,0,0
AT1G17090,0,0,0
AT1G17170,0,0,0
AT1G17180,0,0,0
AT1G17190,0,0,0
AT1G17300,0,0,0
AT1G17310,0,0,0
AT1G17345,0,0,0
AT1G17710,0,0,0
AT1G17810,0,0,0
AT1G17970,0,0,0
AT1G18060,0,0,0
AT1G18100,0,0,0
AT1G18140,0,0,0
AT1G18200,0,0,0
AT1G18280,0,0,0
AT1G18290,0,0,0
AT1G18420,0,0,0
AT1G18470,0,0,0
AT1G18570,1,1,1
AT1G18740,0,0,0
AT1G18870,0,0,0
AT1G18970,0,0,0
AT1G18980,0,0,0
AT1G19180,0,0,0
AT1G19200,0,0,0
AT1G19380,0,0,0
AT1G19530,0,0,0
AT1G19550,0,0,0
AT1G19670,0,0,0
AT1G19770,0,0,0
AT1G19900,0,0,0
AT1G19960,0,0,0
AT1G20030,0,0,0
AT1G20070,0,0,0
AT1G20520,0,0,0
AT1G20790,0,0,0
AT1G20823,0,0,0
AT1G20900,0,0,0
AT1G21050,0,0,0
AT1G21080,0,0,0
AT1G21110,0,0,0
AT1G21120,0,0,0
AT1G21130,0,0,0
AT1G21140,0,0,0
AT1G21326,0,0,0
AT1G21360,0,0,0
AT1G21400,0,0,0
AT1G21410,0,1,0
AT1G21695,0,0,0
AT1G21770,0,0,0
AT1G21780,0,0,0
AT1G21790,0,0,0
AT1G21910,1,0,0
AT1G22065,0,0,0
AT1G22110,0,0,0
AT1G22330,0,0,0
AT1G22520,0,0,0
AT1G22530,0,0,0
AT1G22550,0,0,0
AT1G22600,0,0,0
AT1G22710,0,0,0
AT1G22740,0,0,0
AT1G22990,0,0,0
AT1G23052,0,0,0
AT1G23090,0,0,0
AT1G23100,0,0,0
AT1G23120,0,0,0
AT1G23330,0,0,0
AT1G23390,0,0,0
AT1G23720,0,0,1
AT1G23730,0,0,0
AT1G23830,0,0,0
AT1G23850,0,0,0
AT1G23870,0,0,0
AT1G24095,0,0,0
AT1G24170,0,0,1
AT1G24430,0,0,0
AT1G24530,0,0,0
AT1G24580,0,0,0
AT1G24600,0,0,0
AT1G25240,0,0,0
AT1G25320,0,0,0
AT1G25450,0,0,0
AT1G25530,0,0,0
AT1G25560,1,0,0
AT1G26250,0,0,0
AT1G26270,0,0,0
AT1G26360,0,0,0
AT1G26762,0,0,0
AT1G26770,0,0,1
AT1G26800,0,0,0
AT1G26930,0,0,0
AT1G27020,0,0,0
AT1G27030,0,0,0
AT1G27090,0,0,0
AT1G27100,0,0,0
AT1G27620,0,0,0
AT1G27650,0,0,0
AT1G27670,0,0,0
AT1G27740,0,0,0
AT1G28080,0,0,0
AT1G28130,0,1,0
AT1G28370,1,0,0
AT1G28380,0,0,0
AT1G28520,0,0,0
AT1G28600,0,0,0
AT1G29080,0,0,0
AT1G29090,0,0,0
AT1G29160,0,0,0
AT1G29195,0,0,0
AT1G29395,0,0,0
AT1G29420,0,1,0
AT1G29440,0,1,0
AT1G29450,0,1,0
AT1G29460,0,1,0
AT1G29490,0,1,0
AT1G29510,0,1,0
AT1G29540,0,0,0
AT1G30160,0,0,0
AT1G30380,0,0,0
AT1G30530,0,0,0
AT1G30650,0,0,0
AT1G30730,0,0,0
AT1G30750,0,0,0
AT1G30795,0,0,0
AT1G30840,0,0,0
AT1G30850,0,0,0
AT1G30870,0,0,1
AT1G31050,0,0,0
AT1G31350,0,0,0
AT1G31772,0,0,0
AT1G31820,0,0,0
AT1G31885,0,0,0
AT1G32170,0,0,1
AT1G32385,0,0,0
AT1G32460,0,0,0
AT1G32540,0,0,0
AT1G32560,0,0,0
AT1G32690,0,0,0
AT1G32900,0,0,0
AT1G33110,0,0,0
AT1G33260,0,0,0
AT1G33700,0,0,0
AT1G33811,0,0,0
AT1G34040,0,0,0
AT1G34510,0,0,0
AT1G34540,0,0,0
AT1G34670,0,0,0
AT1G34760,0,0,0
AT1G35183,0,0,0
AT1G35250,0,0,0
AT1G35310,0,0,0
AT1G35516,0,0,0
AT1G35617,0,0,0
AT1G36060,0,0,0
AT1G36940,0,0,0
AT1G38065,0,0,0
AT1G38131,0,0,0
AT1G42990,0,0,0
AT1G43160,0,0,0
AT1G43580,0,0,0
AT1G43650,0,0,0
AT1G43700,0,0,0
AT1G43780,0,0,0
AT1G43790,0,0,0
AT1G43800,0,0,0
AT1G44090,0,0,0
AT1G44350,0,0,0
AT1G44800,0,0,0
AT1G44830,1,0,0
AT1G45015,0,0,0
AT1G45201,0,0,0
AT1G46554,0,0,0
AT1G47760,0,0,0
AT1G47980,0,0,0
AT1G48100,0,0,1
AT1G48130,0,0,0
AT1G48325,0,0,0
AT1G48480,0,0,0
AT1G48640,0,0,0
AT1G48690,0,1,0
AT1G48745,0,0,0
AT1G48930,0,0,0
AT1G48990,0,0,0
AT1G49130,0,0,0
AT1G49200,0,0,0
AT1G49210,0,0,0
AT1G49310,0,0,0
AT1G49320,0,0,0
AT1G49450,0,0,0
AT1G49475,0,0,0
AT1G49570,0,0,0
AT1G49660,0,0,0
AT1G49960,0,0,0
AT1G50040,0,0,0
AT1G50060,0,0,0
AT1G50110,0,0,0
AT1G50420,0,0,0
AT1G51500,0,0,0
AT1G51800,0,0,0
AT1G51860,0,0,0
AT1G52200,0,0,0
AT1G52230,0,0,0
AT1G52330,0,0,0
AT1G52750,0,0,0
AT1G52830,0,1,0
AT1G52855,0,0,0
AT1G52890,0,0,0
AT1G53080,0,0,0
AT1G53230,0,0,0
AT1G53340,0,0,0
AT1G53540,0,0,0
AT1G53610,0,0,0
AT1G53680,0,0,0
AT1G53690,0,0,0
AT1G53700,0,1,0
AT1G53708,0,0,0
AT1G53830,0,0,1
AT1G53890,0,0,0
AT1G54100,0,0,0
AT1G54200,0,1,0
AT1G54500,0,0,0
AT1G54540,0,0,0
AT1G54890,0,0,0
AT1G54970,0,0,0
AT1G55152,0,0,0
AT1G55240,0,0,0
AT1G55290,0,0,0
AT1G55365,0,0,0
AT1G55510,0,0,0
AT1G55810,0,0,0
AT1G55820,0,0,0
AT1G55920,0,0,0
AT1G56020,0,0,0
AT1G56220,0,0,0
AT1G56320,0,0,0
AT1G56430,0,0,0
AT1G56650,0,0,0
AT1G56680,0,0,0
AT1G57560,0,0,0
AT1G57990,0,0,0
AT1G58030,0,0,0
AT1G58170,0,0,0
AT1G58270,0,0,0
AT1G58280,0,0,0
AT1G58420,0,0,0
AT1G59725,0,0,0
AT1G59740,0,0,0
AT1G59750,0,1,0
AT1G59850,0,0,0
AT1G59870,0,1,1
AT1G59940,0,0,0
AT1G60680,0,0,0
AT1G60740,0,0,0
AT1G60989,0,0,0
AT1G61050,0,0,0
AT1G61080,0,0,0
AT1G61160,0,0,0
AT1G61255,0,0,0
AT1G61360,0,0,0
AT1G61370,0,0,0
AT1G61580,0,0,0
AT1G61590,0,0,0
AT1G61667,0,0,0
AT1G61750,0,0,0
AT1G61795,0,0,0
AT1G61800,0,0,0
AT1G62190,0,0,0
AT1G62380,0,0,0
AT1G62422,0,0,0
AT1G62440,0,0,1
AT1G62480,0,0,0
AT1G62510,0,0,0
AT1G62520,0,0,0
AT1G62570,0,0,0
AT1G62610,0,0,0
AT1G62760,0,0,0
AT1G62770,0,0,0
AT1G62800,0,0,0
AT1G62980,0,0,0
AT1G62990,0,0,0
AT1G63380,0,0,0
AT1G63410,0,0,0
AT1G63580,0,0,0
AT1G63600,0,0,0
AT1G63690,0,0,0
AT1G63855,0,0,0
AT1G63930,0,0,0
AT1G64160,0,0,0
AT1G64370,0,0,0
AT1G64380,1,0,0
AT1G64460,0,0,0
AT1G64470,0,0,0
AT1G64590,0,0,0
AT1G64930,0,0,0
AT1G64940,0,0,0
AT1G64950,0,0,0
AT1G64970,0,0,0
AT1G65300,0,0,0
AT1G65330,0,0,0
AT1G65620,0,0,0
AT1G65840,0,0,0
AT1G65845,0,0,0
AT1G65970,0,0,0
AT1G66140,0,0,0
AT1G66180,0,0,0
AT1G66280,0,0,0
AT1G66440,0,0,0
AT1G66450,0,0,0
AT1G66800,0,0,0
AT1G67100,0,0,0
AT1G67148,0,0,0
AT1G67325,0,0,0
AT1G67328,0,0,0
AT1G67330,0,0,0
AT1G67360,0,0,0
AT1G67365,0,0,0
AT1G67570,0,0,0
AT1G67710,0,0,0
AT1G67865,0,0,0
AT1G67920,0,0,0
AT1G68440,0,0,0
AT1G68500,0,0,0
AT1G68568,0,0,0
AT1G68570,0,0,0
AT1G68620,0,0,0
AT1G68680,0,0,0
AT1G68795,0,0,0
AT1G68825,0,0,0
AT1G68840,1,0,0
AT1G68850,0,0,0
AT1G69230,0,0,0
AT1G69240,0,0,0
AT1G69530,0,0,1
AT1G69870,0,0,0
AT1G69890,0,0,0
AT1G70170,0,0,0
AT1G70230,0,0,0
AT1G70260,0,0,0
AT1G70300,0,0,0
AT1G70370,0,0,0
AT1G70460,0,0,0
AT1G70550,0,0,0
AT1G70710,0,0,0
AT1G70830,0,0,0
AT1G70880,0,0,0
AT1G70985,0,0,0
AT1G70990,0,0,0
AT1G71030,0,0,0
AT1G71250,0,0,0
AT1G71880,0,0,0
AT1G71890,0,0,0
AT1G71970,0,0,0
AT1G72030,0,0,0
AT1G72060,0,0,0
AT1G72140,0,0,0
AT1G72200,0,0,0
AT1G72230,0,0,0
AT1G72290,0,0,0
AT1G72360,1,0,0
AT1G72450,0,0,0
AT1G72510,0,0,0
AT1G72610,0,0,0
AT1G72800,0,0,0
AT1G72810,0,0,0
AT1G72852,0,0,0
AT1G73000,0,0,0
AT1G73010,0,0,0
AT1G73165,0,0,0
AT1G73290,0,0,0
AT1G73340,0,0,0
AT1G73500,1,0,0
AT1G73560,0,0,0
AT1G73580,0,0,0
AT1G73610,0,0,0
AT1G73620,0,0,0
AT1G73750,0,0,0
AT1G73830,0,0,0
AT1G73965,0,0,0
AT1G74010,0,0,0
AT1G74020,0,0,0
AT1G74055,0,0,0
AT1G74420,0,0,1
AT1G74460,0,0,0
AT1G74490,0,0,0
AT1G74500,0,0,0
AT1G74650,0,0,0
AT1G74670,0,0,0
AT1G74730,0,0,0
AT1G74840,1,1,0
AT1G75000,0,0,0
AT1G75030,0,0,0
AT1G75080,0,0,0
AT1G75090,0,0,0
AT1G75140,0,0,0
AT1G75280,0,0,0
AT1G75290,0,0,0
AT1G75490,0,0,0
AT1G75500,0,1,1
AT1G75590,0,0,0
AT1G75720,0,0,0
AT1G75760,0,0,0
AT1G75900,0,0,0
AT1G76020,0,0,0
AT1G76070,0,0,0
AT1G76090,0,0,0
AT1G76210,0,0,0
AT1G76240,0,0,0
AT1G76410,0,0,0
AT1G76490,0,0,0
AT1G76500,0,0,0
AT1G76560,0,0,0
AT1G76790,0,0,0
AT1G76878,0,0,0
AT1G76892,0,0,0
AT1G76930,0,0,0
AT1G76990,0,0,0
AT1G77120,0,0,0
AT1G77130,0,0,1
AT1G77145,0,0,0
AT1G77210,0,0,0
AT1G77330,0,0,0
AT1G77380,0,0,0
AT1G77450,0,0,0
AT1G77640,1,0,0
AT1G78070,0,0,0
AT1G78120,0,0,0
AT1G78230,0,0,0
AT1G78265,0,0,0
AT1G78270,0,0,0
AT1G78380,0,0,0
AT1G78460,0,0,0
AT1G78480,0,0,0
AT1G78490,0,0,0
AT1G78850,0,0,0
AT1G78990,0,0,0
AT1G79260,0,0,0
AT1G79320,0,0,0
AT1G79360,0,0,0
AT1G79410,0,0,0
AT1G79520,0,0,0
AT1G79700,0,0,0
AT1G79720,0,0,0
AT1G79750,0,0,0
AT1G79840,0,0,0
AT1G79860,0,0,0
AT1G80090,0,0,0
AT1G80120,0,0,0
AT1G80130,0,0,0
AT1G80160,0,0,0
AT1G80370,0,0,0
AT1G80380,0,0,0
AT1G80440,0,0,0
AT1G80530,0,0,0
AT1G80570,0,0,0
AT1G80760,0,0,0
AT1G80820,0,0,0
AT1G80830,0,0,0
AT1G80920,0,0,0
AT2G01190,0,0,0
AT2G01290,0,0,0
AT2G01300,0,0,0
AT2G01340,0,0,0
AT2G01530,0,0,0
AT2G01580,0,0,0
AT2G01610,0,0,0
AT2G01770,0,0,0
AT2G01890,0,0,0
AT2G01900,0,0,0
AT2G02120,0,0,0
AT2G02680,0,0,0
AT2G02930,0,0,0
AT2G02950,0,0,0
AT2G03090,0,0,1
AT2G03200,0,0,0
AT2G03720,0,0,0
AT2G03790,0,0,0
AT2G04066,0,0,0
AT2G04080,0,0,0
AT2G04570,0,0,0
AT2G04795,0,0,0
AT2G04800,0,0,0
AT2G04890,0,0,0
AT2G05320,0,0,0
AT2G05440,0,0,0
AT2G05510,0,0,0
AT2G05518,0,0,0
AT2G05520,0,0,0
AT2G05812,0,0,0
AT2G05910,0,0,0
AT2G05914,0,0,0
AT2G07669,0,0,0
AT2G07748,0,0,0
AT2G07758,0,0,0
AT2G09970,0,0,0
AT2G10410,0,0,0
AT2G10940,0,0,0
AT2G12190,0,0,0
AT2G12462,0,0,0
AT2G13360,0,0,0
AT2G13547,0,0,0
AT2G13610,0,0,0
AT2G13790,0,0,0
AT2G14115,0,0,0
AT2G14170,0,0,0
AT2G14210,0,0,0
AT2G14860,0,0,0
AT2G14920,0,0,0
AT2G15292,0,0,0
AT2G15320,0,0,0
AT2G15370,0,0,1
AT2G15695,0,0,0
AT2G15760,0,0,0
AT2G15790,0,0,0
AT2G15830,0,0,0
AT2G15880,0,0,1
AT2G15890,0,0,0
AT2G15960,0,0,0
AT2G15970,0,0,0
AT2G16005,0,0,0
AT2G16050,0,0,0
AT2G16060,0,0,0
AT2G16280,0,0,0
AT2G16500,0,0,0
AT2G16580,0,0,0
AT2G16630,0,0,0
AT2G16660,0,0,0
AT2G16740,0,0,0
AT2G16760,0,0,0
AT2G16850,0,0,0
AT2G17280,0,0,0
AT2G17500,0,1,0
AT2G17660,0,0,0
AT2G17710,0,0,0
AT2G17840,0,0,0
AT2G17850,0,0,0
AT2G17880,0,0,0
AT2G18010,0,0,0
AT2G18196,0,0,0
AT2G18210,0,0,0
AT2G18350,0,0,0
AT2G18690,0,0,0
AT2G18735,0,0,0
AT2G18800,0,0,1
AT2G18950,0,0,1
AT2G18980,0,0,0
AT2G19572,0,0,0
AT2G19590,0,0,0
AT2G19690,0,1,0
AT2G19760,0,0,0
AT2G19780,0,0,0
AT2G19800,0,0,0
AT2G19970,0,0,0
AT2G20160,0,0,0
AT2G20480,0,0,0
AT2G20500,0,0,0
AT2G20520,0,0,0
AT2G20550,0,0,0
AT2G20670,0,0,0
AT2G20750,0,0,1
AT2G20830,0,0,0
AT2G20835,0,0,0
AT2G20950,0,0,0
AT2G21050,0,1,0
AT2G21140,0,0,0
AT2G21185,0,0,0
AT2G21187,0,0,0
AT2G21188,0,0,0
AT2G21210,0,0,0
AT2G21260,0,0,0
AT2G21280,0,0,0
AT2G21360,0,0,0
AT2G21370,0,0,0
AT2G21550,0,0,0
AT2G21910,0,0,0
AT2G22122,0,0,0
AT2G22330,0,0,1
AT2G22420,0,0,0
AT2G22425,0,0,0
AT2G22430,0,0,0
AT2G22510,0,0,0
AT2G22660,0,0,0
AT2G22680,0,0,0
AT2G22770,0,0,0
AT2G22880,0,0,0
AT2G22930,0,0,0
AT2G22970,0,0,0
AT2G23010,0,0,0
AT2G23100,0,0,0
AT2G23120,0,0,0
AT2G23130,0,0,0
AT2G23170,0,1,0
AT2G23180,0,0,0
AT2G23290,0,0,0
AT2G23340,0,0,0
AT2G23540,0,0,0
AT2G23810,0,0,0
AT2G24230,0,0,0
AT2G24260,0,0,0
AT2G24330,0,0,0
AT2G24560,0,0,0
AT2G24762,0,0,0
AT2G24970,0,0,0
AT2G24980,0,0,0
AT2G25052,0,0,0
AT2G25150,0,0,0
AT2G25160,0,0,0
AT2G25200,0,0,0
AT2G25240,0,0,0
AT2G25490,1,0,0
AT2G25820,0,0,0
AT2G25900,0,0,0
AT2G25940,0,0,0
AT2G26070,1,0,0
AT2G26080,0,0,0
AT2G26290,0,0,0
AT2G26370,0,0,0
AT2G26390,0,0,0
AT2G26440,0,0,1
AT2G26692,0,0,0
AT2G26730,0,0,0
AT2G26740,0,0,0
AT2G26750,0,0,0
AT2G27080,0,0,0
AT2G27370,0,0,1
AT2G27385,0,0,0
AT2G27420,0,0,0
AT2G27660,0,0,0
AT2G27690,0,0,0
AT2G27860,0,0,1
AT2G28040,0,0,0
AT2G28110,0,0,1
AT2G28200,0,0,0
AT2G28315,0,0,0
AT2G28370,0,0,0
AT2G28410,0,0,0
AT2G28420,0,0,0
AT2G28440,0,0,0
AT2G28550,0,0,0
AT2G28570,0,0,0
AT2G28630,0,0,0
AT2G28660,0,0,0
AT2G28760,0,0,0
AT2G28860,0,0,0
AT2G28870,0,0,0
AT2G28950,0,0,1
AT2G29060,0,0,0
AT2G29290,0,0,0
AT2G29310,0,0,0
AT2G29340,0,0,0
AT2G29380,0,0,0
AT2G29470,0,0,0
AT2G29620,0,0,0
AT2G29650,0,0,0
AT2G29740,0,0,0
AT2G30150,0,0,0
AT2G30395,0,0,0
AT2G30520,0,0,0
AT2G30540,0,0,0
AT2G30550,0,0,0
AT2G30570,0,0,0
AT2G30600,0,0,0
AT2G30930,0,0,0
AT2G31083,0,0,0
AT2G31085,0,0,0
AT2G31110,0,0,0
AT2G31180,1,1,0
AT2G31730,1,0,0
AT2G31790,0,0,0
AT2G31940,0,0,0
AT2G32100,0,0,0
AT2G32150,0,0,0
AT2G32190,0,0,0
AT2G32270,0,0,0
AT2G32510,0,0,0
AT2G32560,0,0,0
AT2G32690,0,0,0
AT2G32800,0,0,0
AT2G33130,0,0,0
AT2G33180,0,0,0
AT2G33330,0,0,0
AT2G33380,0,0,0
AT2G33660,0,0,0
AT2G33830,0,0,0
AT2G34000,0,0,0
AT2G34060,0,0,0
AT2G34070,0,0,0
AT2G34080,0,0,0
AT2G34140,0,0,0
AT2G34340,0,0,0
AT2G34350,0,0,0
AT2G34500,0,0,0
AT2G34650,0,1,0
AT2G34810,0,0,0
AT2G34870,0,0,0
AT2G34910,0,0,0
AT2G34960,0,0,0
AT2G35060,0,0,0
AT2G35150,0,0,0
AT2G35260,0,0,0
AT2G35290,0,0,0
AT2G35300,0,0,0
AT2G35380,0,0,0
AT2G35658,0,0,0
AT2G35733,0,0,0
AT2G35770,0,0,0
AT2G35820,0,0,0
AT2G35930,0,0,0
AT2G35980,0,0,0
AT2G36080,0,0,0
AT2G36090,0,0,0
AT2G36120,0,0,0
AT2G36145,0,0,0
AT2G36320,0,0,0
AT2G36500,0,0,0
AT2G36570,0,0,0
AT2G36790,0,0,0
AT2G36885,0,0,0
AT2G36890,0,0,0
AT2G37025,0,0,0
AT2G37090,0,0,1
AT2G37360,0,0,0
AT2G37380,0,0,0
AT2G37390,0,0,0
AT2G37740,0,0,0
AT2G37770,0,0,0
AT2G37790,0,0,0
AT2G37870,0,0,0
AT2G38030,0,0,0
AT2G38100,0,0,0
AT2G38170,0,0,0
AT2G38210,1,0,0
AT2G38290,0,0,0
AT2G38400,0,0,0
AT2G38410,0,0,0
AT2G38430,0,0,0
AT2G38500,0,0,0
AT2G38610,0,0,0
AT2G38640,0,0,0
AT2G38750,0,0,0
AT2G38760,0,0,0
AT2G39000,0,0,0
AT2G39180,0,0,0
AT2G39210,0,0,0
AT2G39220,0,0,0
AT2G39350,0,0,0
AT2G39400,0,0,0
AT2G39420,0,0,0
AT2G39435,0,0,0
AT2G39450,0,0,0
AT2G39470,0,0,0
AT2G39510,0,0,0
AT2G39570,0,0,0
AT2G39705,0,0,0
AT2G39800,0,0,0
AT2G39805,0,0,0
AT2G39890,0,0,0
AT2G39980,0,0,0
AT2G40170,0,0,0
AT2G40220,1,0,0
AT2G40250,0,0,0
AT2G40330,0,0,0
AT2G40370,0,0,0
AT2G40460,0,0,0
AT2G40540,0,0,0
AT2G40610,0,0,1
AT2G40900,0,0,0
AT2G40940,1,0,0
AT2G40970,0,0,0
AT2G41050,0,0,0
AT2G41090,0,0,0
AT2G41100,0,0,0
AT2G41180,0,0,0
AT2G41190,0,0,0
AT2G41225,0,0,0
AT2G41230,0,0,0
AT2G41280,0,0,0
AT2G41300,0,0,0
AT2G41312,0,0,0
AT2G41330,0,0,0
AT2G41475,0,0,0
AT2G41610,0,0,0
AT2G41660,0,0,0
AT2G41800,0,0,0
AT2G41850,0,0,1
AT2G41905,0,0,0
AT2G41950,0,0,0
AT2G41970,0,0,0
AT2G42110,0,0,0
AT2G42220,0,0,0
AT2G42580,0,1,0
AT2G42620,0,1,0
AT2G42810,0,0,0
AT2G42850,0,0,0
AT2G42880,0,0,0
AT2G42900,0,0,0
AT2G43060,0,0,0
AT2G43100,0,0,0
AT2G43140,0,0,0
AT2G43290,0,0,0
AT2G43390,0,0,0
AT2G43400,0,0,0
AT2G43550,0,0,0
AT2G43560,0,0,0
AT2G43670,0,0,0
AT2G43870,0,0,1
AT2G43920,0,0,0
AT2G44070,0,0,0
AT2G44080,0,0,0
AT2G44110,0,0,0
AT2G44130,0,0,0
AT2G44230,0,0,0
AT2G44290,0,0,0
AT2G44370,0,0,0
AT2G44380,0,0,0
AT2G44450,0,0,0
AT2G44570,0,0,0
AT2G44640,0,0,0
AT2G44940,1,0,0
AT2G45160,0,0,0
AT2G45170,0,0,0
AT2G45220,0,0,1
AT2G45530,0,0,0
AT2G45620,0,0,0
AT2G45750,0,0,0
AT2G45960,0,0,0
AT2G46120,0,0,0
AT2G46150,0,0,0
AT2G46210,0,0,0
AT2G46220,0,0,0
AT2G46535,0,0,0
AT2G46660,0,0,0
AT2G46690,0,1,0
AT2G46750,0,0,0
AT2G46860,0,0,0
AT2G46940,0,0,0
AT2G46970,0,0,0
AT2G46990,0,1,0
AT2G47160,0,0,0
AT2G47180,0,0,0
AT2G47200,0,0,0
AT2G47270,0,0,0
AT2G47360,0,0,0
AT2G47530,0,0,0
AT2G47540,0,0,0
AT2G47550,0,0,1
AT2G47760,0,0,0
AT2G47770,0,0,0
AT2G47870,0,0,0
AT2G47880,0,0,0
AT2G47890,0,0,0
AT2G48020,0,0,0
AT2G48080,0,0,0
AT2G48130,0,0,0
AT2G48140,0,0,0
AT3G01190,0,0,0
AT3G01290,0,0,0
AT3G01350,0,0,0
AT3G01420,0,0,0
AT3G01560,0,0,0
AT3G01570,0,0,0
AT3G01670,0,0,0
AT3G01705,0,0,0
AT3G01730,0,0,0
AT3G01970,0,0,0
AT3G02000,0,0,0
AT3G02040,0,0,0
AT3G02070,0,0,0
AT3G02140,0,0,0
AT3G02210,0,0,1
AT3G02410,0,0,0
AT3G02550,0,0,0
AT3G02670,0,0,0
AT3G02690,0,0,0
AT3G02940,0,0,0
AT3G03240,0,0,0
AT3G03270,0,0,0
AT3G03341,0,0,0
AT3G03450,1,0,0
AT3G03470,0,0,0
AT3G03660,0,1,0
AT3G03770,0,0,0
AT3G03820,0,0,0
AT3G03830,0,0,0
AT3G03840,0,0,0
AT3G03850,0,0,0
AT3G03852,0,0,0
AT3G04060,0,0,0
AT3G04530,0,0,0
AT3G04630,0,0,0
AT3G04720,0,0,0
AT3G04770,0,0,0
AT3G05410,0,0,0
AT3G05600,0,0,0
AT3G05640,0,0,0
AT3G05770,0,0,0
AT3G05870,0,0,0
AT3G05880,0,0,0
AT3G05890,0,0,0
AT3G05920,0,0,0
AT3G06145,0,0,0
AT3G06360,0,0,0
AT3G06390,0,0,0
AT3G06590,0,0,0
AT3G06740,0,0,0
AT3G06750,0,0,0
AT3G06770,0,0,0
AT3G06778,0,0,0
AT3G06840,0,0,0
AT3G06850,0,0,0
AT3G06868,0,0,0
AT3G06890,0,0,0
AT3G07000,0,0,0
AT3G07070,0,0,0
AT3G07195,0,0,0
AT3G07350,0,0,0
AT3G07490,0,0,0
AT3G07560,0,0,0
AT3G07870,0,0,0
AT3G08040,0,0,0
AT3G08850,0,0,0
AT3G08860,0,0,0
AT3G08990,0,0,0
AT3G09070,0,0,0
AT3G09220,0,0,0
AT3G09260,0,0,0
AT3G09270,0,0,0
AT3G09410,0,0,0
AT3G09710,0,0,0
AT3G09780,0,0,0
AT3G09922,0,0,0
AT3G09925,0,0,0
AT3G10020,0,0,0
AT3G10040,0,0,0
AT3G10110,0,0,0
AT3G10120,0,0,0
AT3G10290,0,0,0
AT3G10710,0,0,0
AT3G10720,0,0,1
AT3G10815,0,0,0
AT3G11210,0,0,0
AT3G11340,0,0,0
AT3G11410,0,0,0
AT3G11430,0,0,0
AT3G11580,0,0,0
AT3G11650,0,0,0
AT3G11660,0,0,0
AT3G11690,0,0,0
AT3G11773,0,0,0
AT3G11900,0,0,0
AT3G12090,0,0,0
AT3G12110,0,0,0
AT3G12540,0,0,0
AT3G12570,0,0,0
AT3G12580,0,0,0
AT3G12750,0,0,0
AT3G12920,0,0,0
AT3G12977,0,0,0
AT3G13062,0,0,0
AT3G13175,0,0,0
AT3G13335,0,0,0
AT3G13400,0,0,0
AT3G13432,0,0,0
AT3G13435,0,0,0
AT3G13450,0,0,0
AT3G13510,0,0,0
AT3G13520,0,0,0
AT3G13570,0,0,0
AT3G13760,0,0,0
AT3G13790,0,0,0
AT3G13980,0,1,0
AT3G14230,0,0,0
AT3G14280,0,0,0
AT3G14362,0,0,0
AT3G14395,0,0,0
AT3G14440,0,0,0
AT3G14850,0,0,0
AT3G14880,0,0,0
AT3G15030,0,0,0
AT3G15210,1,0,0
AT3G15280,0,0,0
AT3G15356,1,0,0
AT3G15370,0,0,1
AT3G15440,0,0,0
AT3G15450,0,0,0
AT3G15500,0,0,0
AT3G15534,0,0,0
AT3G15570,0,0,0
AT3G15630,0,0,0
AT3G15680,0,0,0
AT3G15760,0,0,0
AT3G15770,0,0,0
AT3G15800,0,0,0
AT3G15990,0,0,0
AT3G16240,0,0,0
AT3G16250,0,0,0
AT3G16300,0,0,0
AT3G16330,0,0,0
AT3G16350,1,1,0
AT3G16370,0,0,0
AT3G16390,0,0,0
AT3G16400,0,0,0
AT3G16410,0,0,0
AT3G16420,0,1,0
AT3G16430,0,0,0
AT3G16440,0,0,0
AT3G16450,0,0,0
AT3G16460,0,0,0
AT3G16470,0,0,0
AT3G16560,0,0,0
AT3G16570,0,0,0
AT3G16660,0,0,0
AT3G16770,1,0,0
AT3G16850,0,0,1
AT3G16857,0,0,0
AT3G17130,0,0,0
AT3G17600,0,1,0
AT3G17680,0,0,0
AT3G17770,0,0,0
AT3G17998,0,0,0
AT3G18000,0,0,0
AT3G18230,0,0,0
AT3G18280,0,0,0
AT3G18400,0,0,0
AT3G18490,0,0,0
AT3G18570,0,0,0
AT3G18630,0,0,0
AT3G18660,0,0,1
AT3G18715,0,0,0
AT3G18850,0,0,0
AT3G18950,0,0,0
AT3G19200,0,0,0
AT3G19250,0,0,0
AT3G19380,0,0,0
AT3G19580,0,0,0
AT3G19920,0,0,0
AT3G20300,0,0,0
AT3G20340,0,0,0
AT3G20370,0,0,0
AT3G20380,0,0,0
AT3G20395,0,0,0
AT3G20590,0,0,0
AT3G20600,0,0,0
AT3G20660,0,0,0
AT3G20830,0,0,0
AT3G20900,0,0,0
AT3G20940,0,0,0
AT3G21230,0,0,0
AT3G21260,0,0,0
AT3G21370,0,0,0
AT3G21460,0,0,0
AT3G21510,0,0,0
AT3G21670,0,0,0
AT3G21680,0,0,0
AT3G21720,0,0,0
AT3G21750,0,0,0
AT3G21760,0,0,0
AT3G21781,0,0,0
AT3G21870,0,0,0
AT3G22060,0,0,0
AT3G22070,0,0,0
AT3G22120,0,0,0
AT3G22370,0,0,0
AT3G22500,0,0,0
AT3G22550,0,0,0
AT3G22600,0,0,0
AT3G22620,0,0,0
AT3G22750,0,0,0
AT3G22800,0,0,1
AT3G22968,0,0,0
AT3G22970,0,0,0
AT3G23150,1,0,0
AT3G23170,0,0,0
AT3G23190,0,0,0
AT3G23240,1,0,0
AT3G23470,0,0,0
AT3G23570,0,0,0
AT3G23605,0,0,0
AT3G23810,0,0,0
AT3G23820,0,0,0
AT3G23880,0,0,0
AT3G24020,0,0,0
AT3G24120,0,0,0
AT3G24300,0,0,0
AT3G24450,0,0,0
AT3G24535,0,0,0
AT3G24670,0,0,0
AT3G25030,0,0,0
AT3G25110,0,0,0
AT3G25640,0,0,0
AT3G25655,0,0,0
AT3G25730,0,0,0
AT3G25870,0,0,0
AT3G26060,0,0,0
AT3G26220,0,0,0
AT3G26450,0,0,0
AT3G26500,0,0,0
AT3G26510,0,0,0
AT3G26610,0,0,0
AT3G26760,0,0,0
AT3G26770,0,0,0
AT3G26960,0,0,0
AT3G27200,0,0,0
AT3G27220,0,0,0
AT3G27500,0,0,0
AT3G27580,0,0,0
AT3G27650,0,0,0
AT3G28340,0,0,1
AT3G28455,0,0,0
AT3G28550,0,0,0
AT3G28899,0,0,0
AT3G28958,0,0,0
AT3G29030,0,0,1
AT3G29035,0,0,0
AT3G29095,0,0,0
AT3G29240,0,0,0
AT3G29250,0,0,0
AT3G29410,0,0,0
AT3G29630,0,0,0
AT3G29635,0,0,0
AT3G29970,0,0,0
AT3G30730,0,0,0
AT3G30775,0,0,0
AT3G42725,0,0,0
AT3G43270,0,0,1
AT3G43505,0,0,0
AT3G43580,0,0,0
AT3G43720,0,0,0
AT3G43800,0,0,0
AT3G43850,0,0,0
AT3G44020,0,0,0
AT3G44260,0,0,0
AT3G44330,0,0,0
AT3G44430,0,0,0
AT3G44540,0,0,0
AT3G44590,0,0,0
AT3G44700,0,0,0
AT3G44735,0,0,0
AT3G44940,0,0,0
AT3G45010,0,0,0
AT3G45280,0,0,0
AT3G45285,0,0,0
AT3G45300,0,0,0
AT3G45310,0,0,0
AT3G45320,0,0,0
AT3G45680,0,0,0
AT3G45870,0,0,0
AT3G45960,0,0,1
AT3G46170,0,0,0
AT3G46280,0,0,0
AT3G47010,0,0,0
AT3G47295,0,0,0
AT3G47340,0,0,0
AT3G47350,0,0,0
AT3G47430,0,0,0
AT3G47490,0,0,0
AT3G47510,0,0,0
AT3G47590,0,0,0
AT3G47960,0,0,0
AT3G48180,0,0,0
AT3G48350,0,0,0
AT3G48420,0,0,0
AT3G48450,0,0,0
AT3G48530,0,0,0
AT3G48580,0,0,1
AT3G48660,0,0,0
AT3G48700,0,0,0
AT3G48940,0,0,0
AT3G48990,0,0,0
AT3G49220,0,0,1
AT3G49330,0,0,0
AT3G49360,0,0,0
AT3G49380,0,0,0
AT3G49700,0,0,0
AT3G49845,0,0,0
AT3G49880,0,0,0
AT3G49930,0,0,0
AT3G49960,0,0,0
AT3G49970,0,0,0
AT3G50130,0,0,0
AT3G50220,0,0,0
AT3G50280,0,0,0
AT3G50310,0,0,0
AT3G50330,0,0,0
AT3G50340,0,0,0
AT3G50400,0,0,0
AT3G50505,0,0,0
AT3G50560,0,0,0
AT3G50840,0,0,0
AT3G50950,0,0,0
AT3G51240,0,0,0
AT3G51330,0,0,0
AT3G51350,0,0,0
AT3G51400,0,0,0
AT3G51410,0,0,0
AT3G51510,0,0,0
AT3G51600,0,0,0
AT3G51660,0,0,0
AT3G51730,0,0,0
AT3G51860,0,0,0
AT3G51970,0,0,0
AT3G52070,0,0,0
AT3G52360,0,0,0
AT3G52480,0,0,0
AT3G52525,0,0,0
AT3G52540,0,0,0
AT3G52565,0,0,0
AT3G52605,0,0,0
AT3G52720,0,0,0
AT3G52748,0,0,0
AT3G52765,0,0,0
AT3G52780,0,0,0
AT3G52790,0,0,0
AT3G52820,0,0,0
AT3G53010,0,0,0
AT3G53250,0,0,0
AT3G53420,0,0,0
AT3G53460,0,0,0
AT3G53510,0,0,0
AT3G53540,0,0,0
AT3G53980,0,0,0
AT3G54020,0,0,0
AT3G54040,0,0,0
AT3G54580,0,0,0
AT3G54590,0,0,1
AT3G54770,0,0,0
AT3G54890,0,0,0
AT3G54940,0,0,0
AT3G55090,0,0,0
AT3G55290,0,0,0
AT3G55420,0,0,0
AT3G55530,0,0,0
AT3G55566,0,0,0
AT3G55720,0,0,0
AT3G55840,0,0,0
AT3G55940,0,0,0
AT3G55950,0,0,0
AT3G55990,0,0,0
AT3G56090,0,0,0
AT3G56140,0,0,0
AT3G56170,0,0,0
AT3G56250,0,0,0
AT3G56370,0,0,0
AT3G56400,0,0,0
AT3G56500,0,0,0
AT3G56590,0,0,0
AT3G56970,0,0,0
AT3G56980,0,0,0
AT3G57010,0,0,0
AT3G57062,0,0,0
AT3G57120,0,0,0
AT3G57540,0,0,0
AT3G57550,0,0,0
AT3G57650,0,0,0
AT3G57785,0,0,0
AT3G58000,0,0,0
AT3G58060,0,0,0
AT3G58190,0,0,0
AT3G58540,0,0,0
AT3G58710,0,0,0
AT3G58720,0,0,0
AT3G58810,0,0,0
AT3G58990,0,0,0
AT3G59120,0,0,0
AT3G59250,0,0,0
AT3G59340,0,0,0
AT3G59370,0,0,0
AT3G59480,0,0,0
AT3G59660,0,0,0
AT3G59680,0,0,0
AT3G59890,0,0,0
AT3G59900,1,1,0
AT3G59940,0,0,0
AT3G59980,0,0,0
AT3G60200,0,0,0
AT3G60220,0,0,0
AT3G60280,0,0,0
AT3G60290,0,0,0
AT3G60330,0,0,0
AT3G60390,0,0,0
AT3G60510,0,0,0
AT3G60520,0,0,0
AT3G60530,0,0,0
AT3G60550,0,0,0
AT3G60630,0,0,0
AT3G60647,0,0,0
AT3G60690,0,0,0
AT3G60780,0,0,0
AT3G61060,0,0,0
AT3G61172,0,0,0
AT3G61440,0,0,0
AT3G61490,0,0,0
AT3G61630,1,0,0
AT3G61680,0,0,0
AT3G61750,0,0,0
AT3G61990,0,0,0
AT3G62040,0,0,0
AT3G62060,0,0,1
AT3G62410,0,0,0
AT3G62680,1,1,0
AT3G62950,0,0,0
AT3G62990,0,0,0
AT3G63010,0,0,0
AT3G63052,0,0,0
AT3G63088,0,0,0
AT3G63160,0,0,0
AT3G63200,0,0,0
AT4G00050,0,0,0
AT4G00110,0,0,0
AT4G00150,0,0,0
AT4G00165,0,0,0
AT4G00180,0,0,0
AT4G00305,0,0,0
AT4G00430,0,0,0
AT4G00680,0,0,0
AT4G00730,0,0,1
AT4G00750,0,0,0
AT4G00840,0,0,0
AT4G01110,0,0,0
AT4G01130,0,0,0
AT4G01140,0,0,0
AT4G01250,0,0,0
AT4G01335,0,0,0
AT4G01455,0,0,0
AT4G01630,0,0,1
AT4G01700,0,0,0
AT4G01720,0,0,0
AT4G01750,0,0,1
AT4G01870,0,0,0
AT4G01950,0,0,0
AT4G02010,0,0,0
AT4G02090,0,0,0
AT4G02130,0,0,1
AT4G02170,0,0,0
AT4G02230,0,0,0
AT4G02270,0,0,0
AT4G02290,0,0,0
AT4G02360,0,0,0
AT4G02410,0,0,0
AT4G02520,0,1,0
AT4G02630,0,0,0
AT4G02715,0,0,0
AT4G02850,0,0,0
AT4G03030,0,0,0
AT4G03140,0,0,0
AT4G03510,0,0,0
AT4G03540,0,0,0
AT4G03820,0,0,0
AT4G04460,0,0,0
AT4G04810,0,0,0
AT4G04840,0,0,0
AT4G04925,0,0,0
AT4G04990,0,0,0
AT4G05100,1,0,0
AT4G05150,0,0,0
AT4G06536,0,0,0
AT4G06744,0,0,0
AT4G06746,0,0,0
AT4G07820,0,0,0
AT4G07825,0,0,0
AT4G08300,0,0,0
AT4G08380,0,0,0
AT4G08400,0,0,1
AT4G08410,0,0,1
AT4G08620,0,0,0
AT4G08770,0,0,0
AT4G08870,0,0,0
AT4G08950,0,0,0
AT4G09030,0,0,0
AT4G09260,0,0,0
AT4G09460,0,0,0
AT4G09530,0,0,0
AT4G09560,0,0,0
AT4G10040,0,0,0
AT4G10265,0,0,0
AT4G10270,0,0,0
AT4G10360,0,0,0
AT4G10380,0,0,0
AT4G10500,0,0,0
AT4G10910,0,0,0
AT4G11040,0,0,0
AT4G11140,1,0,0
AT4G11210,0,0,0
AT4G11211,0,0,0
AT4G11280,1,1,0
AT4G11330,0,0,0
AT4G11370,0,0,0
AT4G11600,0,0,0
AT4G11610,0,0,0
AT4G11820,0,0,0
AT4G12170,0,0,0
AT4G12310,0,0,0
AT4G12330,0,0,0
AT4G12410,0,0,0
AT4G12470,0,0,0
AT4G12480,0,0,0
AT4G12490,0,0,0
AT4G12510,0,0,0
AT4G12520,0,0,0
AT4G12545,0,0,0
AT4G12550,0,1,0
AT4G12690,0,0,0
AT4G12870,0,0,0
AT4G12910,0,0,0
AT4G12980,0,0,0
AT4G13150,0,0,0
AT4G13180,0,0,0
AT4G13210,0,0,0
AT4G13290,0,0,0
AT4G13390,0,0,0
AT4G13395,0,0,0
AT4G13420,0,0,0
AT4G13530,0,0,0
AT4G13660,0,0,0
AT4G13830,0,0,0
AT4G13840,0,0,1
AT4G14030,0,0,0
AT4G14040,0,0,0
AT4G14130,0,0,1
AT4G14380,0,0,0
AT4G14540,0,0,0
AT4G14550,0,1,0
AT4G14819,0,0,0
AT4G14830,0,0,0
AT4G14860,0,0,0
AT4G14900,0,0,0
AT4G14930,0,0,0
AT4G14980,0,0,0
AT4G15240,0,0,0
AT4G15340,0,0,0
AT4G15500,0,0,0
AT4G15545,0,0,0
AT4G15550,0,0,0
AT4G15630,0,0,0
AT4G15660,0,0,0
AT4G15670,0,0,0
AT4G15680,0,0,0
AT4G15690,0,0,0
AT4G15700,0,0,0
AT4G15740,0,0,0
AT4G15765,0,0,0
AT4G15920,0,0,0
AT4G15960,0,0,0
AT4G15975,0,0,0
AT4G15990,0,0,0
AT4G16008,0,0,0
AT4G16160,0,0,0
AT4G16210,0,0,0
AT4G16230,0,0,0
AT4G16235,0,0,0
AT4G16240,0,0,0
AT4G16260,0,0,0
AT4G16350,0,0,0
AT4G16442,0,0,0
AT4G16447,0,0,0
AT4G16750,1,0,0
AT4G16760,0,0,0
AT4G16980,0,0,0
AT4G17215,0,0,0
AT4G17245,0,0,0
AT4G17280,0,0,0
AT4G17470,0,0,0
AT4G17500,1,0,0
AT4G17550,0,0,0
AT4G17680,0,0,0
AT4G18197,0,0,0
AT4G18205,0,0,0
AT4G18230,0,0,0
AT4G18270,0,0,0
AT4G18280,0,0,0
AT4G18360,0,0,0
AT4G18430,0,0,0
AT4G18550,0,0,0
AT4G18680,0,0,0
AT4G18780,0,0,0
AT4G18890,0,0,0
AT4G19030,0,0,0
AT4G19680,0,0,0
AT4G19810,0,0,0
AT4G19970,0,0,1
AT4G20050,0,0,1
AT4G20190,0,0,0
AT4G20240,0,0,0
AT4G20390,0,0,0
AT4G20820,0,0,0
AT4G20870,0,0,0
AT4G21200,0,0,0
AT4G21210,0,0,0
AT4G21250,0,0,0
AT4G21310,0,0,0
AT4G21410,0,0,0
AT4G21534,0,0,0
AT4G21590,0,0,0
AT4G21680,0,0,0
AT4G21850,0,0,0
AT4G21870,0,0,0
AT4G21890,0,0,0
AT4G21902,0,0,0
AT4G21910,0,0,0
AT4G21960,0,0,1
AT4G21970,0,0,0
AT4G22080,0,0,0
AT4G22105,0,0,0
AT4G22212,0,0,0
AT4G22214,0,0,0
AT4G22217,0,0,0
AT4G22233,0,0,0
AT4G22250,0,0,0
AT4G22305,0,0,0
AT4G22460,0,0,0
AT4G22470,0,0,0
AT4G22610,0,0,0
AT4G22640,0,0,0
AT4G22666,0,0,0
AT4G22710,0,0,0
AT4G22840,0,0,0
AT4G23500,0,0,0
AT4G23510,0,0,0
AT4G23515,0,0,0
AT4G23560,0,0,0
AT4G23700,0,0,0
AT4G24050,0,0,0
AT4G24130,0,0,0
AT4G24140,0,0,1
AT4G24160,0,0,0
AT4G24230,0,0,0
AT4G24350,0,0,0
AT4G24630,0,0,0
AT4G24670,1,0,0
AT4G24690,0,0,0
AT4G24780,0,0,0
AT4G25190,0,0,0
AT4G25220,0,0,0
AT4G25225,0,0,0
AT4G25250,0,0,0
AT4G25260,0,0,0
AT4G25420,0,0,0
AT4G25470,0,0,0
AT4G25500,0,0,0
AT4G25580,0,0,0
AT4G25780,0,0,0
AT4G25790,0,0,0
AT4G25820,0,0,1
AT4G25860,0,0,0
AT4G25960,0,0,0
AT4G26010,0,0,0
AT4G26080,0,0,0
AT4G26200,0,0,0
AT4G26220,0,0,0
AT4G26320,0,0,0
AT4G26480,0,0,0
AT4G26740,0,0,0
AT4G26790,0,0,0
AT4G26810,0,0,0
AT4G27310,0,0,0
AT4G27435,0,0,0
AT4G27450,0,0,0
AT4G27470,0,0,0
AT4G27530,0,0,0
AT4G27730,0,0,0
AT4G27740,0,0,0
AT4G27840,0,0,0
AT4G27900,0,0,0
AT4G27970,0,0,0
AT4G28040,0,0,0
AT4G28085,0,0,0
AT4G28110,0,0,0
AT4G28140,1,0,0
AT4G28270,0,0,0
AT4G28290,0,0,0
AT4G28350,0,0,0
AT4G28440,0,0,0
AT4G28490,0,0,0
AT4G28560,0,0,0
AT4G28650,0,0,0
AT4G28660,0,0,0
AT4G28850,0,0,1
AT4G28940,0,0,0
AT4G28950,0,0,0
AT4G29030,0,0,0
AT4G29080,0,0,0
AT4G29110,0,0,0
AT4G29180,0,0,0
AT4G29340,0,0,0
AT4G29800,0,0,0
AT4G29930,0,0,0
AT4G30020,0,0,0
AT4G30270,0,0,1
AT4G30280,0,0,1
AT4G30320,0,0,0
AT4G30410,0,0,0
AT4G30420,0,0,0
AT4G30530,0,0,0
AT4G30650,0,0,0
AT4G30660,0,0,0
AT4G30670,0,0,0
AT4G30810,0,0,0
AT4G30850,0,0,0
AT4G30980,0,0,0
AT4G31250,0,0,0
AT4G31330,0,0,0
AT4G31350,0,0,0
AT4G31370,0,0,0
AT4G31550,0,0,0
AT4G31600,0,0,0
AT4G31730,0,0,0
AT4G32285,0,0,0
AT4G32480,0,0,0
AT4G32590,0,0,0
AT4G32760,0,0,0
AT4G32770,0,0,0
AT4G32810,0,1,0
AT4G33020,0,0,0
AT4G33070,0,0,0
AT4G33145,0,0,0
AT4G33440,0,0,1
AT4G33490,0,0,0
AT4G33550,0,0,0
AT4G33560,0,0,0
AT4G33666,0,0,0
AT4G33730,0,0,0
AT4G33870,0,0,0
AT4G33905,0,0,0
AT4G34030,0,0,0
AT4G34190,0,0,0
AT4G34290,0,0,0
AT4G34380,0,0,0
AT4G34419,0,0,0
AT4G34710,0,0,0
AT4G34750,0,0,0
AT4G34760,0,0,0
AT4G34790,0,0,0
AT4G34930,0,0,0
AT4G34950,0,0,0
AT4G35060,0,0,0
AT4G35090,0,0,0
AT4G35160,0,0,0
AT4G35190,0,0,0
AT4G35300,0,0,0
AT4G35420,0,0,0
AT4G35430,0,0,0
AT4G35470,0,0,0
AT4G35690,0,0,0
AT4G35750,0,0,0
AT4G35900,0,0,0
AT4G36032,0,0,0
AT4G36040,0,0,0
AT4G36250,0,0,0
AT4G36430,0,0,0
AT4G36570,0,0,0
AT4G36610,0,0,0
AT4G36670,0,0,0
AT4G36780,0,0,0
AT4G36850,0,0,0
AT4G37070,0,0,0
AT4G37095,0,0,0
AT4G37150,0,0,0
AT4G37220,0,0,0
AT4G37240,0,0,0
AT4G37260,0,0,0
AT4G37295,0,0,0
AT4G37300,0,0,0
AT4G37390,0,1,0
AT4G37400,0,0,0
AT4G37410,0,0,0
AT4G37430,0,0,0
AT4G37432,0,0,0
AT4G37540,0,0,0
AT4G37580,1,1,0
AT4G37610,0,1,0
AT4G37630,0,0,0
AT4G37660,0,0,0
AT4G37700,0,0,0
AT4G37890,0,0,0
AT4G38080,0,0,0
AT4G38140,0,0,0
AT4G38370,0,0,0
AT4G38400,0,0,1
AT4G38410,0,0,0
AT4G38470,0,0,0
AT4G38520,0,0,0
AT4G38540,0,0,0
AT4G38550,0,0,0
AT4G38580,0,0,0
AT4G38650,0,0,0
AT4G38840,0,0,0
AT4G38932,0,0,0
AT4G39030,0,0,0
AT4G39130,0,0,0
AT4G39320,0,0,0
AT4G39350,0,0,1
AT4G39480,0,0,0
AT4G39640,0,0,0
AT4G39675,0,0,0
AT4G39780,1,0,0
AT4G39800,0,0,0
AT4G39830,0,0,0
AT4G39950,0,0,1
AT4G39970,0,0,0
AT4G40065,0,0,0
AT4G40090,0,0,0
AT5G01180,0,0,0
AT5G01190,0,0,0
AT5G01210,0,0,0
AT5G01330,0,0,0
AT5G01350,0,0,0
AT5G01360,0,0,1
AT5G01370,0,0,0
AT5G01490,0,1,0
AT5G01700,0,0,0
AT5G01740,0,0,0
AT5G01881,0,0,0
AT5G02170,0,0,0
AT5G02180,0,0,0
AT5G02230,0,0,0
AT5G02410,0,0,0
AT5G02420,0,0,0
AT5G02480,0,0,0
AT5G02540,0,0,0
AT5G02750,0,0,0
AT5G02760,0,0,0
AT5G03120,0,0,0
AT5G03170,0,0,0
AT5G03200,0,0,0
AT5G03230,0,0,0
AT5G03280,1,1,1
AT5G03310,0,0,0
AT5G03360,0,0,0
AT5G03545,0,0,0
AT5G03610,0,0,0
AT5G03670,0,0,0
AT5G03700,0,0,0
AT5G03730,0,0,0
AT5G03740,0,0,0
AT5G03890,0,0,0
AT5G03995,0,0,0
AT5G04000,0,0,0
AT5G04120,0,0,0
AT5G04230,0,0,0
AT5G04500,0,0,0
AT5G04520,0,0,0
AT5G04840,0,0,0
AT5G04960,0,0,1
AT5G04970,0,0,1
AT5G05110,0,0,0
AT5G05160,0,0,0
AT5G05270,0,0,0
AT5G05290,0,0,1
AT5G05320,0,0,0
AT5G05435,0,0,0
AT5G05440,0,0,0
AT5G05500,0,0,0
AT5G05630,0,0,0
AT5G05760,0,0,0
AT5G05880,0,0,0
AT5G06090,0,0,0
AT5G06150,0,0,0
AT5G06190,0,0,0
AT5G06200,0,0,1
AT5G06250,0,0,0
AT5G06390,0,0,0
AT5G06530,0,0,0
AT5G06570,0,0,0
AT5G06590,0,0,0
AT5G06630,0,0,0
AT5G06640,0,0,0
AT5G06710,0,0,0
AT5G06720,0,0,0
AT5G06740,0,0,0
AT5G06790,0,0,0
AT5G06870,0,0,0
AT5G06990,0,0,0
AT5G07010,0,0,0
AT5G07100,0,0,0
AT5G07130,0,0,0
AT5G07220,0,0,0
AT5G07330,0,0,0
AT5G07450,0,0,0
AT5G07475,0,0,0
AT5G07990,0,1,0
AT5G08260,0,0,0
AT5G08330,0,0,0
AT5G08391,0,0,0
AT5G08400,0,0,0
AT5G08510,0,0,0
AT5G08565,0,0,0
AT5G09370,0,0,0
AT5G09480,0,0,0
AT5G09520,0,0,0
AT5G09530,0,0,0
AT5G09585,0,0,0
AT5G09670,0,0,0
AT5G09672,0,0,0
AT5G09800,0,0,0
AT5G09805,0,0,0
AT5G09970,0,0,0
AT5G09978,0,0,0
AT5G10100,0,0,0
AT5G10120,0,0,0
AT5G10130,0,0,0
AT5G10170,0,0,0
AT5G10190,0,0,0
AT5G10336,0,0,0
AT5G10430,0,0,0
AT5G10625,0,0,0
AT5G10695,0,0,0
AT5G10770,0,0,0
AT5G10970,0,0,0
AT5G10990,0,0,0
AT5G11070,0,0,0
AT5G11160,0,0,0
AT5G11450,0,0,0
AT5G11520,0,0,0
AT5G11540,0,0,0
AT5G11760,0,0,0
AT5G12050,0,1,0
AT5G12110,0,0,0
AT5G12170,0,0,0
AT5G12330,0,0,0
AT5G12420,0,0,0
AT5G12870,0,0,0
AT5G13080,0,0,0
AT5G13330,0,0,0
AT5G13500,0,0,0
AT5G13580,0,0,0
AT5G13610,0,0,0
AT5G13700,0,0,0
AT5G13790,0,1,0
AT5G13830,0,0,0
AT5G13900,0,0,0
AT5G13910,1,0,0
AT5G13990,0,0,0
AT5G14120,0,0,0
AT5G14130,0,0,0
AT5G14150,0,0,0
AT5G14170,0,0,0
AT5G14200,0,0,0
AT5G14230,0,0,0
AT5G14370,0,0,0
AT5G14450,0,0,0
AT5G14470,0,0,0
AT5G14570,0,0,0
AT5G14740,0,0,0
AT5G14780,0,0,0
AT5G14830,0,0,0
AT5G14920,0,0,0
AT5G14940,0,0,0
AT5G15120,0,0,0
AT5G15160,0,0,0
AT5G15180,0,0,0
AT5G15190,0,0,0
AT5G15265,0,0,0
AT5G15290,0,0,1
AT5G15350,0,0,0
AT5G15360,0,0,0
AT5G15530,0,0,0
AT5G15600,0,0,0
AT5G15630,0,0,0
AT5G15720,0,0,0
AT5G15780,0,0,0
AT5G15890,0,0,0
AT5G15960,0,0,0
AT5G15970,0,0,0
AT5G16010,0,0,0
AT5G16080,0,0,0
AT5G16240,0,0,0
AT5G16350,0,0,0
AT5G16370,0,0,0
AT5G16380,0,0,0
AT5G16410,0,0,0
AT5G16490,0,0,1
AT5G16590,0,0,0
AT5G16870,0,0,0
AT5G16910,0,0,1
AT5G16970,0,0,0
AT5G16980,0,0,0
AT5G17165,0,0,0
AT5G17390,0,0,0
AT5G17420,0,0,1
AT5G17430,0,0,0
AT5G17460,0,0,0
AT5G17490,1,0,0
AT5G17700,0,0,0
AT5G17780,0,0,1
AT5G17810,0,0,0
AT5G17847,0,0,0
AT5G18010,0,1,0
AT5G18020,0,1,0
AT5G18030,0,1,0
AT5G18050,0,1,0
AT5G18060,0,1,0
AT5G18080,0,1,0
AT5G18200,0,0,0
AT5G18220,0,0,0
AT5G18260,0,0,0
AT5G18470,0,0,0
AT5G18490,0,0,0
AT5G18600,0,0,0
AT5G18670,0,0,0
AT5G19000,0,0,0
AT5G19040,0,0,0
AT5G19060,0,0,0
AT5G19120,0,0,0
AT5G19230,0,0,0
AT5G19260,0,0,0
AT5G19410,0,0,0
AT5G19730,0,0,1
AT5G19790,0,0,0
AT5G19800,0,0,0
AT5G19810,0,0,0
AT5G19870,0,0,0
AT5G19890,0,0,0
AT5G20045,0,0,0
AT5G20250,0,0,0
AT5G20270,0,0,0
AT5G20520,0,0,0
AT5G20550,0,0,0
AT5G20630,0,0,0
AT5G20635,0,0,0
AT5G20700,0,0,0
AT5G20710,0,0,0
AT5G20790,0,0,0
AT5G20810,0,0,0
AT5G20820,0,0,0
AT5G20830,0,0,0
AT5G20935,0,0,0
AT5G21090,0,0,0
AT5G21100,0,0,0
AT5G21120,1,0,0
AT5G21130,0,0,0
AT5G21170,0,0,0
AT5G21940,0,0,0
AT5G22070,0,0,0
AT5G22270,0,0,0
AT5G22410,0,0,0
AT5G22460,0,0,0
AT5G22500,0,0,0
AT5G22580,0,0,0
AT5G22630,0,0,0
AT5G22850,0,0,0
AT5G22860,0,0,0
AT5G22890,0,0,0
AT5G22940,0,0,1
AT5G23020,0,0,0
AT5G23030,0,0,0
AT5G23060,0,0,0
AT5G23190,0,0,1
AT5G23220,0,0,0
AT5G23280,0,0,0
AT5G23350,0,0,0
AT5G23360,0,0,0
AT5G23370,0,0,0
AT5G23660,0,0,0
AT5G23790,0,0,0
AT5G23820,0,0,0
AT5G23830,0,0,0
AT5G23840,0,0,0
AT5G23860,0,0,0
AT5G24030,0,0,0
AT5G24100,0,0,0
AT5G24105,0,0,0
AT5G24130,0,0,0
AT5G24140,0,0,0
AT5G24150,0,0,0
AT5G24230,0,0,0
AT5G24313,0,0,0
AT5G24380,0,0,0
AT5G24570,0,0,0
AT5G24770,0,0,0
AT5G24910,0,0,0
AT5G24920,0,0,0
AT5G24990,0,0,0
AT5G25020,0,0,0
AT5G25040,0,0,0
AT5G25090,0,0,0
AT5G25140,0,0,0
AT5G25180,0,0,0
AT5G25190,0,0,0
AT5G25240,0,0,0
AT5G25350,1,0,0
AT5G25440,0,0,0
AT5G25890,0,1,0
AT5G26080,0,0,0
AT5G26220,0,0,0
AT5G26260,0,0,0
AT5G26270,0,0,0
AT5G26330,0,0,0
AT5G26340,0,0,0
AT5G26620,0,0,0
AT5G26731,0,0,0
AT5G26820,0,0,0
AT5G26960,0,0,0
AT5G27320,0,0,0
AT5G27660,0,0,0
AT5G27690,0,0,0
AT5G27780,0,0,0
AT5G27930,0,0,0
AT5G28010,0,0,0
AT5G28020,0,0,0
AT5G28145,0,0,0
AT5G28626,0,0,0
AT5G28830,0,0,0
AT5G28919,0,0,0
AT5G33340,0,0,0
AT5G34780,0,0,0
AT5G35190,0,0,0
AT5G35732,0,0,0
AT5G35940,0,0,0
AT5G36110,0,0,0
AT5G36180,0,0,0
AT5G36260,0,0,0
AT5G36700,0,0,0
AT5G36790,0,0,0
AT5G36920,0,0,0
AT5G37478,0,0,0
AT5G37550,0,0,0
AT5G37690,0,0,0
AT5G37940,0,0,0
AT5G37980,0,0,0
AT5G38000,0,0,0
AT5G38010,0,0,0
AT5G38020,0,0,0
AT5G38030,0,0,0
AT5G38550,0,0,0
AT5G38700,0,0,0
AT5G38770,0,0,0
AT5G38930,0,0,0
AT5G38940,0,0,0
AT5G39610,0,0,0
AT5G39860,0,0,0
AT5G40100,0,0,0
AT5G40250,0,0,0
AT5G40590,0,0,0
AT5G40780,0,0,0
AT5G40830,0,0,0
AT5G40945,0,0,0
AT5G40980,0,0,0
AT5G41040,0,0,0
AT5G41265,0,0,0
AT5G41570,0,0,0
AT5G41700,0,0,0
AT5G41761,0,0,0
AT5G41900,0,0,1
AT5G42070,0,0,0
AT5G42250,0,0,0
AT5G42530,0,0,0
AT5G42580,0,0,0
AT5G42590,0,0,0
AT5G42600,0,0,0
AT5G42680,0,0,0
AT5G42830,0,0,0
AT5G42890,0,0,0
AT5G42930,0,0,0
AT5G43030,0,0,0
AT5G43050,0,0,0
AT5G43170,0,0,0
AT5G43380,0,0,0
AT5G43420,0,0,0
AT5G43520,0,0,0
AT5G43603,0,0,0
AT5G43750,0,0,0
AT5G43770,0,0,0
AT5G43910,0,0,0
AT5G44005,0,0,0
AT5G44020,0,0,0
AT5G44030,0,0,0
AT5G44160,0,0,0
AT5G44255,0,0,0
AT5G44260,0,0,0
AT5G44440,0,0,0
AT5G44550,0,0,0
AT5G44578,0,0,0
AT5G44580,0,0,0
AT5G44582,0,0,0
AT5G44820,0,0,0
AT5G44860,0,0,0
AT5G44910,0,0,0
AT5G44920,0,0,0
AT5G45630,0,0,0
AT5G45670,0,0,0
AT5G45680,0,0,0
AT5G45730,0,0,0
AT5G45920,0,0,0
AT5G45970,0,0,0
AT5G46080,0,0,0
AT5G46090,0,0,0
AT5G46330,0,0,0
AT5G46690,0,0,0
AT5G46710,0,0,0
AT5G46780,0,0,0
AT5G46890,0,0,0
AT5G46900,0,0,0
AT5G46940,0,0,0
AT5G46950,0,0,0
AT5G46960,0,0,0
AT5G47000,0,0,0
AT5G47220,1,0,0
AT5G47230,1,0,0
AT5G47240,0,0,0
AT5G47330,0,0,0
AT5G47390,0,0,0
AT5G47500,0,0,0
AT5G47530,0,0,0
AT5G47550,0,0,0
AT5G47560,0,0,0
AT5G47590,0,0,0
AT5G47610,0,0,0
AT5G47635,0,0,0
AT5G47640,0,0,0
AT5G47650,0,0,0
AT5G47840,0,0,0
AT5G47920,0,0,0
AT5G47980,0,0,0
AT5G47990,0,0,0
AT5G48000,0,0,0
AT5G48010,0,0,0
AT5G48170,0,0,0
AT5G48175,0,0,0
AT5G48180,0,0,0
AT5G48430,0,0,0
AT5G48485,0,0,0
AT5G48657,0,0,0
AT5G48800,0,0,0
AT5G48880,0,0,0
AT5G48890,0,0,0
AT5G48920,0,0,0
AT5G49080,0,0,0
AT5G49170,0,0,0
AT5G49270,0,0,0
AT5G49350,0,0,0
AT5G49360,0,0,1
AT5G49630,0,0,0
AT5G49660,0,0,0
AT5G49665,0,0,0
AT5G49690,0,0,0
AT5G49700,0,0,0
AT5G50010,0,0,0
AT5G50011,0,0,0
AT5G50012,0,0,0
AT5G50290,0,0,0
AT5G50335,0,0,0
AT5G50360,0,0,0
AT5G50560,0,0,0
AT5G51105,0,0,0
AT5G51270,0,0,0
AT5G51300,0,0,0
AT5G51390,0,0,0
AT5G51450,0,0,0
AT5G51500,0,0,1
AT5G51670,0,0,0
AT5G51680,0,0,0
AT5G51780,0,0,0
AT5G51790,0,0,0
AT5G51810,0,0,0
AT5G51970,0,0,0
AT5G52810,0,0,0
AT5G52860,0,0,0
AT5G52920,0,0,0
AT5G53120,0,0,0
AT5G53190,0,0,0
AT5G53250,0,0,0
AT5G53300,0,0,0
AT5G53320,0,0,0
AT5G53588,0,0,0
AT5G53590,0,0,0
AT5G53660,0,0,0
AT5G53730,0,0,0
AT5G53750,0,0,0
AT5G53830,0,0,0
AT5G53870,0,0,0
AT5G53950,0,0,0
AT5G53980,0,0,0
AT5G54080,0,0,0
AT5G54490,0,0,0
AT5G54500,0,1,0
AT5G54585,0,0,0
AT5G54600,0,0,0
AT5G54660,0,0,0
AT5G54690,0,0,1
AT5G54840,0,0,0
AT5G55050,0,0,0
AT5G55170,0,0,0
AT5G55250,0,0,0
AT5G55560,0,0,0
AT5G55620,1,0,0
AT5G55930,0,0,0
AT5G56040,0,0,0
AT5G56320,0,0,1
AT5G56580,0,0,0
AT5G56890,0,0,0
AT5G57060,0,0,0
AT5G57123,0,0,0
AT5G57240,0,0,0
AT5G57400,0,0,0
AT5G57520,0,0,0
AT5G57530,0,0,1
AT5G57540,0,0,1
AT5G57620,0,0,0
AT5G57625,0,0,0
AT5G57685,0,0,0
AT5G57710,0,0,0
AT5G57740,0,1,0
AT5G57760,0,0,0
AT5G57785,0,0,0
AT5G57887,0,0,0
AT5G57920,0,0,0
AT5G58010,0,0,0
AT5G58070,0,0,0
AT5G58150,0,0,0
AT5G58540,0,0,0
AT5G58575,0,0,0
AT5G58660,0,0,0
AT5G59040,0,0,0
AT5G59055,0,0,0
AT5G59130,0,0,0
AT5G59220,0,0,0
AT5G59310,0,0,0
AT5G59320,0,0,0
AT5G59470,0,0,0
AT5G59490,0,0,0
AT5G59530,0,0,0
AT5G59540,0,0,0
AT5G59590,0,0,0
AT5G59790,0,0,0
AT5G59820,0,0,0
AT5G59845,0,0,0
AT5G59940,0,0,0
AT5G60220,0,0,0
AT5G60490,0,0,0
AT5G60520,0,0,0
AT5G60570,0,0,0
AT5G60650,0,0,0
AT5G60850,0,0,0
AT5G60890,0,0,0
AT5G61170,0,0,0
AT5G61290,0,0,0
AT5G61340,0,0,0
AT5G61350,0,0,0
AT5G61410,0,0,0
AT5G61420,0,0,0
AT5G61490,0,0,0
AT5G61520,0,0,0
AT5G61570,0,0,0
AT5G61590,0,0,0
AT5G61650,0,0,0
AT5G62220,0,0,0
AT5G62280,0,0,0
AT5G62490,0,0,0
AT5G62630,0,0,0
AT5G62680,0,0,0
AT5G62770,0,0,0
AT5G62865,0,0,0
AT5G63130,0,0,0
AT5G63145,0,0,0
AT5G63270,0,0,0
AT5G63310,0,1,0
AT5G63350,0,0,0
AT5G63450,0,0,0
AT5G63600,0,0,0
AT5G63610,0,0,0
AT5G63650,0,0,0
AT5G63660,0,0,0
AT5G63800,0,0,0
AT5G64080,0,0,0
AT5G64100,0,0,0
AT5G64120,0,0,0
AT5G64190,0,0,0
AT5G64310,0,0,0
AT5G64330,0,0,0
AT5G64410,0,0,0
AT5G64430,0,0,0
AT5G64440,0,0,0
AT5G64510,0,0,0
AT5G64572,0,0,0
AT5G64750,1,0,0
AT5G64850,0,0,0
AT5G64900,1,0,0
AT5G65080,0,0,0
AT5G65170,0,0,0
AT5G65200,0,0,0
AT5G65280,0,0,0
AT5G65480,0,0,0
AT5G65660,0,0,0
AT5G65970,0,0,0
AT5G66052,0,0,0
AT5G66170,0,0,0
AT5G66260,0,0,0
AT5G66440,0,0,0
AT5G66460,0,0,0
AT5G66700,0,1,0
AT5G66780,0,0,0
AT5G66815,0,0,0
AT5G66985,0,0,0
AT5G67020,0,0,0
AT5G67060,0,0,0
AT5G67080,0,0,0
AT5G67140,0,0,0
AT5G67160,0,0,0
AT5G67230,0,0,0
AT5G67400,0,0,0
AT5G67620,0,0,0
ATCG00260,0,0,0
ATCG00470,0,0,0
ATCG00910,0,0,0
ATCG01150,0,0,0
ATMG00660,0,0,0
ATMG00670,0,0,0
